順位,名前,点数
1,トヨタ自動車,190
2,本田技研工業,830
3,日産自動車,310
4,日本電信電話,960
5,ＪＸホールディングス,360
6,日立製作所,440
7,ソフトバンクグループ,660
8,豊田通商,230
9,ソニー,60
10,丸紅,310
11,パナソニック,620
12,三菱商事,400
13,第一生命保険,490
14,イオン,1
15,東京電力,670
16,東芝,110
17,セブン＆アイ・ホールディングス,530
18,三菱ＵＦＪフィナンシャル・グループ,990
19,新日鐵住金,590
20,伊藤忠商事,200
21,三井物産,290
22,三井住友フィナンシャルグループ,1060
23,富士通,110
24,ＭＳ＆ＡＤインシュアランスグループホール,910
25,出光興産,430
26,ＫＤＤＩ,60
27,ＮＴＴドコモ,370
28,東京海上ホールディングス,830
29,三菱電機,480
30,デンソー,110
31,三菱重工業,590
32,ジェイ　エフ　イー　ホールディングス,560
33,住友商事,290
34,キヤノン,230
35,ブリヂストン,360
36,三菱ケミカルホールディングス,1100
37,東燃ゼネラル石油,870
38,関西電力,700
39,損保ジャパン日本興亜ホールディングス,1100
40,みずほフィナンシャルグループ,840
41,中部電力,600
42,マツダ,170
43,スズキ,310
44,昭和シェル石油,740
45,アイシン精機,350
46,日本電気,670
47,富士重工業,470
48,メディパルホールディングス,920
49,住友電気工業,840
50,大和ハウス工業,460
51,シャープ,260
52,東日本旅客鉄道,900
53,富士フイルムホールディングス,890
54,アルフレッサ　ホールディングス,870
55,Ｔ＆Ｄホールディングス,360
56,日本郵船,680
57,住友化学,760
58,三菱食品,580
59,東京瓦斯,340
60,リコー,500
61,キリンホールディングス,750
62,東北電力,610
63,三菱自動車工業,760
64,オリックス,590
65,豊田自動織機,770
66,日本たばこ産業,780
67,日鉄住金物産,730
68,東レ,200
69,旭化成,320
70,小松製作所,830
71,スズケン,310
72,野村ホールディングス,780
73,日本通運,180
74,ダイキン工業,660
75,積水ハウス,410
76,神戸製鋼所,760
77,いすゞ自動車,220
78,九州電力,730
79,ダイハツ工業,390
80,商船三井,240
81,双日,60
82,アサヒグループホールディングス,980
83,武田薬品工業,720
84,大林組,400
85,阪和興業,280
86,ＡＮＡホールディングス,420
87,鹿島建設,760
88,日野自動車,190
89,ファーストリテイリング,700
90,ＬＩＸＩＬグループ,670
91,東海旅客鉄道,790
92,ヤマダ電機,390
93,クボタ,250
94,大成建設,470
95,清水建設,490
96,三井化学,700
97,三井不動産,230
98,大阪瓦斯,400
99,凸版印刷,740
100,京セラ,560
101,ヤマハ発動機,430
102,三菱マテリアル,850
103,エヌ・ティ・ティ・データ,290
104,川崎重工業,780
105,大日本印刷,820
106,ＩＨＩ,60
107,花王,200
108,ヤマトホールディングス,420
109,伊藤忠エネクス,290
110,ジェイテクト,280
111,大東建託,610
112,川崎汽船,710
113,ソニーフィナンシャルホールディングス,1080
114,西日本旅客鉄道,880
115,旭硝子,370
116,王子ホールディングス,410
117,日本航空,590
118,トヨタ紡織,340
119,リクルートホールディングス,810
120,中国電力,660
121,三越伊勢丹ホールディングス,1020
122,サントリー食品インターナショナル,1130
123,信越化学工業,840
124,アステラス製薬,710
125,近鉄グループホールディングス,1040
126,大塚ホールディングス,750
127,日本ハム,620
128,三井住友トラスト・ホールディングス,1290
129,飯田グループホールディングス,1000
130,国際石油開発帝石,1090
131,東邦ホールディングス,450
132,明治ホールディングス,470
133,Ｊ．フロント　リテイリング,730
134,博報堂ＤＹホールディングス,980
135,兼松,320
136,積水化学工業,870
137,三菱地所,400
138,セイコーエプソン,620
139,ＴＤＫ,1
140,東京急行電鉄,880
141,日本製紙,350
142,村田製作所,740
143,日本電産,790
144,ユニーグループ・ホールディングス,980
145,コニカミノルタ,620
146,味の素,110
147,日立金属,610
148,住友林業,430
149,山崎製パン,670
150,日本精工,620
151,カルソニックカンセイ,770
152,住友金属鉱山,930
153,第一三共,340
154,高島屋,320
155,三愛石油,320
156,東京センチュリーリース,770
157,昭和電工,340
158,神鋼商事,460
159,古河電気工業,690
160,マルハニチロ,620
161,りそなホールディングス,780
162,ニコン,230
163,オムロン,260
164,エイチ・ツー・オー　リテイリング,850
165,太平洋セメント,180
166,セコム,320
167,住友ゴム工業,600
168,ＤＩＣ,1
169,日東電工,340
170,ＰＡＬＴＡＣ,60
171,岡谷鋼機,560
172,三井造船,230
173,日立建機,560
174,富士電機,300
175,東ソー,200
176,住友不動産,290
177,日揮,530
178,ビックカメラ,670
179,ルネサスエレクトロニクス,860
180,帝人,50
181,東洋製罐グループホールディングス,1040
182,資生堂,170
183,東急不動産ホールディングス,920
184,加藤産業,340
185,ジャパンディスプレイ,690
186,オリンパス,560
187,長瀬産業,280
188,電源開発,420
189,アルプス電気,610
190,三菱ＵＦＪリース,490
191,ファナック,530
192,電通,110
193,豊田合成,160
194,ブラザー工業,680
195,小糸製作所,740
196,ＮＴＮ,60
197,ＮＯＫ,1
198,北海道電力,690
199,岩谷産業,140
200,エディオン,50
201,阪急阪神ホールディングス,1020
202,ドンキホーテホールディングス,920
203,日立物流,370
204,住友重機械工業,900
205,富士石油,310
206,四国電力,700
207,フジクラ,550
208,エア・ウォーター,60
209,キヤノンマーケティングジャパン,840
210,大和証券グループ本社,870
211,フジ・メディア・ホールディングス,670
212,タカタ,260
213,長谷工コーポレーション,770
214,ティーガイア,50
215,宇部興産,340
216,あらた,200
217,日本水産,740
218,日立ハイテクノロジーズ,690
219,ケーズホールディングス,770
220,日本板硝子,340
221,横浜ゴム,370
222,伊藤忠食品,350
223,日新製鋼,410
224,東京エレクトロン,650
225,名古屋鉄道,190
226,大塚商会,710
227,日本発条,670
228,楽天,500
229,森永乳業,480
230,ライフコーポレーション,650
231,東武鉄道,250
232,東邦瓦斯,140
233,イズミ,110
234,ＵＡＣＪ,1
235,稲畑産業,340
236,野村不動産ホールディングス,980
237,ダイワボウホールディングス,490
238,バンダイナムコホールディングス,940
239,光通信,650
240,大陽日酸,90
241,ユニ・チャーム,60
242,キユーピー,560
243,カネカ,560
244,雪印メグミルク,870
245,任天堂,140
246,エーザイ,50
247,バイタルケーエスケー・ホールディングス,1040
248,ニチレイ,200
249,ＴＯＴＯ,120
250,セイノーホールディングス,510
251,沖電気工業,720
252,日立化成,290
253,北陸電力,730
254,カメイ,260
255,日本紙パルプ商事,790
256,三菱瓦斯化学,980
257,日清製粉グループ本社,1030
258,東芝テック,670
259,日清紡ホールディングス,650
260,コカ・コーライーストジャパン,760
261,エイチ・アイ・エス,180
262,レンゴー,250
263,サッポロホールディングス,780
264,小田急電鉄,420
265,しまむら,380
266,ゼンショーホールディングス,620
267,パイオニア,200
268,ミネベア,110
269,ローソン,260
270,ＨＯＹＡ,1
271,テルモ,260
272,マツモトキヨシホールディングス,960
273,大同特殊鋼,750
274,レオパレス２１,620
275,荏原製作所,710
276,西武ホールディングス,470
277,山九,260
278,伊藤ハム,60
279,千代田化工建設,730
280,日産車体,210
281,三井金属鉱業,810
282,芙蓉総合リース,430
283,バローホールディングス,800
284,アークス,260
285,きんでん,310
286,オリエンタルランド,670
287,ＤＯＷＡホールディングス,360
288,ベネッセホールディングス,560
289,三谷商事,170
290,中外製薬,340
291,郵船ロジスティクス,760
292,ＳＭＣ,1
293,東海理化電機製作所,940
294,大王製紙,200
295,サンドラッグ,440
296,ダイセル,310
297,ユアサ商事,170
298,ツルハホールディングス,810
299,関電工,640
300,山善,110
301,テイ・エス　テック,650
302,ＫＮＴ−ＣＴホールディングス,420
303,ヤマハ,60
304,日清食品ホールディングス,1110
305,日本軽金属ホールディングス,950
306,ＤＣＭホールディングス,360
307,伊藤園,60
308,ヤフー,1
309,五洋建設,370
310,コカ・コーラウエスト,650
311,フタバ産業,160
312,戸田建設,400
313,平和堂,50
314,ニトリホールディングス,720
315,田辺三菱製薬,960
316,マキタ,260
317,クラレ,530
318,ミサワホーム,180
319,コスモス薬品,740
320,京王電鉄,340
321,野村総合研究所,850
322,横河電機,630
323,前田建設工業,840
324,丸井グループ,670
325,ＪＳＲ,1
326,テンプホールディングス,720
327,住友理工,680
328,安川電機,640
329,センコー,260
330,新生銀行,430
331,ＮＩＰＰＯ,60
332,東洋ゴム工業,510
333,デンカ,250
334,スギホールディングス,530
335,伊藤忠テクノソリューションズ,820
336,東洋水産,150
337,ＡＴグループ,550
338,日本碍子,670
339,三井海洋開発,860
340,三井住友建設,740
341,日本触媒,670
342,ファミリーマート,380
343,上新電機,420
344,大日本住友製薬,880
345,キッコーマン,620
346,ＫＹＢ,1
347,ジーエス・ユアサ　コーポレーション,850
348,安藤・間,310
349,ヤクルト本社,590
350,ライオン,200
351,綜合警備保障,510
352,西日本鉄道,320
353,ローム,260
354,日本テレビホールディングス,890
355,熊谷組,450
356,ＩＴホールディングス,360
357,スタンレー電気,670
358,日立造船,140
359,セガサミーホールディングス,680
360,アシックス,650
361,興銀リース,610
362,アサツー　ディ・ケイ,370
363,東洋紡,110
364,関西ペイント,650
365,ココカラファイン,590
366,ヤマエ久野,260
367,東京放送ホールディングス,870
368,日本特殊陶業,760
369,西松建設,590
370,プリマハム,620
371,すかいらーく,590
372,三和ホールディングス,480
373,カシオ計算機,680
374,協和発酵キリン,650
375,シマノ,120
376,ＪＫホールディングス,360
377,日清オイリオグループ,760
378,イオンフィナンシャルサービス,520
379,コムシスホールディングス,900
380,シチズンホールディングス,590
381,近鉄エクスプレス,770
382,ケーヒン,200
383,黒田電気,660
384,パナホーム,260
385,ニプロ,500
386,ＯＵＧホールディングス,360
387,江崎グリコ,630
388,イビデン,100
389,京浜急行電鉄,790
390,大京,250
391,コメリ,560
392,九電工,610
393,島津製作所,610
394,フジ,50
395,東洋エンジニアリング,420
396,ユニプレス,560
397,日本ゼオン,670
398,ヤオコー,200
399,サンデンホールディングス,650
400,ミツバ,170
401,横浜銀行,670
402,石油資源開発,790
403,トクヤマ,260
404,協和エクシオ,590
405,日本製粉,680
406,ＳＣＳＫ,60
407,リンナイ,230
408,京阪電気鉄道,810
409,アルパイン,500
410,コーナン商事,340
411,セイコーホールディングス,780
412,コクヨ,530
413,三協立山,380
414,ＮＥＣネッツエスアイ,150
415,大正製薬ホールディングス,840
416,東洋インキＳＣホールディングス,750
417,アマダホールディングス,500
418,ＪＶＣケンウッド,330
419,ミライト・ホールディングス,750
420,コネクシオ,590
421,スターゼン,110
422,オンワードホールディングス,560
423,シナネンホールディングス,570
424,ＵＫＣホールディングス,360
425,丸文,310
426,近鉄百貨店,770
427,アスクル,560
428,テレビ朝日ホールディングス,830
429,富士通ゼネラル,690
430,パルコ,500
431,塩野義製薬,370
432,シップヘルスケアホールディングス,960
433,オークワ,200
434,不二製油グループ本社,750
435,ニチイ学館,610
436,ゲオホールディングス,440
437,マックスバリュ西日本,880
438,日本ユニシス,740
439,ショーワ,60
440,ダイフク,250
441,イオンディライト,280
442,トッパン・フォームズ,640
443,東建コーポレーション,710
444,東急建設,710
445,日本ペイントホールディングス,870
446,良品計画,560
447,ニチユ三菱フォークリフト,850
448,クレディセゾン,660
449,リコーリース,680
450,カワチ薬品,560
451,エクセディ,310
452,加賀電子,360
453,アズビル,300
454,曙ブレーキ工業,770
455,福山通運,350
456,三井ホーム,180
457,相鉄ホールディングス,510
458,タチエス,60
459,京成電鉄,430
460,蝶理,200
461,昭和産業,230
462,ＳＢＩホールディングス,360
463,鴻池運輸,560
464,ノジマ,110
465,高砂熱学工業,950
466,上組,400
467,イオン九州,320
468,愛知製鋼,290
469,いなげや,50
470,因幡電機産業,500
471,菱電商事,310
472,トピー工業,580
473,ＳＣＲＥＥＮホールディングス,420
474,東京建物,350
475,すてきナイスグループ,700
476,エクセル,560
477,住友大阪セメント,650
478,リョーサン,260
479,ホシザキ電機,750
480,前田道路,390
481,ハウス食品グループ本社,940
482,明電舎,170
483,北越紀州製紙,860
484,ふくおかフィナンシャルグループ,790
485,日信工業,400
486,リョービ,250
487,太陽誘電,110
488,グローリー,640
489,日本精機,620
490,パソナグループ,640
491,コジマ,310
492,ニフコ,200
493,ＳＵＭＣＯ,1
494,千葉銀行,300
495,日本マクドナルドホールディングス,1120
496,丸大食品,700
497,ナフコ,200
498,カルビー,550
499,青山商事,170
500,シスメックス,800
501,ミツウロコグループホールディングス,1040
502,岡村製作所,770
503,ナブテスコ,310
504,宝ホールディングス,690
505,アコム,260
506,三信電気,490
507,アルペン,500
508,ノーリツ,260
509,東芝プラントシステム,940
510,極洋,560
511,不二越,310
512,コナミホールディングス,750
513,ユアテック,530
514,ＴＨＫ,1
515,ハピネット,230
516,船井電機,280
517,八千代工業,340
518,三菱製紙,410
519,河西工業,670
520,ＡＤＥＫＡ,60
521,エスフーズ,110
522,神戸物産,450
523,クリエイトＳＤホールディングス,690
524,ＮＥＣキャピタルソリューション,680
525,エービーシー・マート,350
526,ヒューリック,530
527,愛三工業,340
528,アクシアル　リテイリング,730
529,ほくやく・竹山ホールディングス,930
530,静岡銀行,690
531,南海電気鉄道,840
532,ゼビオホールディングス,460
533,シークス,320
534,住友ベークライト,790
535,オートバックスセブン,780
536,トーホー,60
537,西部瓦斯,220
538,マックスバリュ東海,730
539,ミスミグループ本社,850
540,ニッセンホールディングス,570
541,コーセー,320
542,リンテック,530
543,東宝,30
544,オリエントコーポレーション,710
545,新日鉄住金ソリューションズ,1180
546,奥村組,680
547,サイバーエージェント,220
548,ユタカ技研,580
549,みらかホールディングス,750
550,日新,150
551,三菱倉庫,490
552,タダノ,50
553,イオンモール,260
554,わらべや日洋,700
555,アルコニックス,620
556,ハイレックスコーポレーション,830
557,トランス・コスモス,800
558,セントラル硝子,760
559,東亜建設工業,790
560,クラリオン,530
561,平和,1
562,中央魚類,280
563,ポーラ・オルビスホールディングス,950
564,プレス工業,640
565,椿本チエイン,400
566,トーエネック,530
567,日本製鋼所,380
568,ほくほくフィナンシャルグループ,850
569,Ｊ−オイルミルズ,670
570,ジーテクト,280
571,新明和工業,400
572,日本電気硝子,780
573,ウエルシアホールディングス,810
574,ワコールホールディングス,780
575,日本航空電子工業,960
576,小野建,230
577,栗田工業,610
578,高松コンストラクショングループ,1000
579,フォスター電機,310
580,アインファーマシーズ,230
581,佐藤商事,200
582,ＴＯＫＡＩホールディングス,360
583,大和工業,370
584,美津濃,110
585,エイチワン,1
586,沖縄電力,610
587,アダストリア,340
588,ＡＯＫＩホールディングス,360
589,大氣社,260
590,日立国際電気,700
591,エレマテック,590
592,日本調剤,610
593,昭和電線ホールディングス,740
594,共英製鋼,350
595,昭光通商,560
596,ＴＳＩホールディングス,360
597,吉野家ホールディングス,510
598,三機工業,670
599,松田産業,280
600,アルバック,580
601,森永製菓,670
602,コロワイド,550
603,淀川製鋼所,420
604,エフテック,530
605,タカラスタンダード,750
606,ベスト電器,360
607,住友倉庫,440
608,ＤＭＧ森精機,620
609,シダックス,700
610,日本電設工業,870
611,八十二銀行,390
612,日本空港ビルデング,830
613,マルイチ産商,410
614,ガンホー・オンライン・エンターテイメント,760
615,ネクソン,290
616,イオン北海道,610
617,古河機械金属,750
618,トーメンデバイス,220
619,山陽特殊製鋼,740
620,日産化学工業,870
621,三井倉庫ホールディングス,840
622,ニッコンホールディングス,780
623,倉敷紡績,760
624,エイベックス・グループ・ホールディングス,1120
625,ケーヨー,260
626,大建工業,660
627,丸善ＣＨＩホールディングス,890
628,ダスキン,310
629,スクウェア・エニックス・ホールディングス,1020
630,日油,250
631,三洋化成工業,790
632,フィード・ワン,50
633,パーク２４,500
634,ジョイフル本田,300
635,静岡ガス,420
636,オークマ,260
637,ＴＰＲ,1
638,東京製鐵,410
639,フジテック,580
640,大紀アルミニウム工業所,900
641,マックスバリュ中部,810
642,エフピコ,500
643,サンエー,60
644,アドバンテスト,190
645,スカパーＪＳＡＴホールディングス,810
646,やまや,120
647,大日精化工業,750
648,ミニストップ,650
649,日本化薬,560
650,参天製薬,380
651,ベルク,550
652,日本オラクル,590
653,日本光電工業,810
654,サンケン電気,760
655,リロ・ホールディング,660
656,ジューテックホールディングス,800
657,ウシオ電機,310
658,カゴメ,310
659,ユニチカ,200
660,日本道路,610
661,山口フィナンシャルグループ,900
662,ニチアス,60
663,武蔵精密工業,640
664,ＮＳユナイテッド海運,390
665,井関農機,620
666,スターツコーポレーション,830
667,久光製薬,440
668,常陽銀行,360
669,日立マクセル,650
670,ユーシン,60
671,ガリバーインターナショナル,840
672,ワタミ,60
673,米久,590
674,中部飼料,370
675,島忠,290
676,ＧＳＩクレオス,560
677,エフ・シー・シー,300
678,キタムラ,560
679,堀場製作所,760
680,ミツミ電機,460
681,ホッカンホールディングス,810
682,丸一鋼管,590
683,プレナス,560
684,エヌ・ティ・ティ都市開発,560
685,ロート製薬,560
686,キユーソー流通システム,950
687,ヨロズ,250
688,鉄建建設,800
689,トーカン,200
690,クレハ,500
691,西日本シティ銀行,610
692,タカラトミー,590
693,タマホーム,120
694,ダイドードリンコ,740
695,牧野フライス製作所,860
696,中山製鋼所,710
697,東亞合成,140
698,トーモク,260
699,東洋建設,380
700,富士ソフト,170
701,ＩＪＴテクノロジーホールディングス,830
702,ホシデン,140
703,日本曹達,140
704,マックスバリュ九州,910
705,立花エレテック,610
706,ＳＡＮＫＹＯ,1
707,サカタインクス,650
708,福田組,670
709,メディアスホールディングス,650
710,アース製薬,320
711,新光商事,460
712,中電工,280
713,明和産業,170
714,住友電設,380
715,日産東京販売ホールディングス,1040
716,北洋銀行,610
717,アイカ工業,610
718,第一実業,240
719,日立キャピタル,590
720,ネットワンシステムズ,320
721,チヨダ,50
722,新光電気工業,870
723,千趣会,320
724,ディー・エヌ・エー,200
725,横浜冷凍,560
726,ＳＢＳホールディングス,420
727,グンゼ,100
728,サーラコーポレーション,770
729,内田洋行,310
730,サイゼリヤ,310
731,アーレスティ,260
732,大豊建設,370
733,イーグル工業,660
734,日立工機,560
735,ＶＴホールディングス,360
736,小野薬品工業,670
737,名村造船所,480
738,クスリのアオキ,590
739,ダイキョーニシカワ,640
740,大水,140
741,第一興商,400
742,大黒天物産,810
743,日本無線,210
744,サンゲツ,170
745,西華産業,370
746,高砂香料工業,930
747,スルガ銀行,690
748,伯東,370
749,ユナイテッドアローズ,380
750,フジシールインターナショナル,940
751,三櫻工業,370
752,群馬銀行,450
753,中央物産,200
754,あおぞら銀行,600
755,佐鳥電機,610
756,日本冶金工業,760
757,日機装,590
758,広島銀行,700
759,テレビ東京ホールディングス,800
760,文化シヤッター,340
761,トプコン,500
762,西松屋チェーン,240
763,小林製薬,760
764,十六銀行,660
765,ぴあ,200
766,日医工,200
767,淺沼組,380
768,青木あすなろ建設,770
769,東都水産,180
770,ディスコ,310
771,日本瓦斯,670
772,ヒロセ電機,610
773,合同製鐵,280
774,カナモト,260
775,日鉄鉱業,400
776,シロキ工業,670
777,ナカノフドー建設,760
778,ロイヤルホールディングス,750
779,東芝機械,640
780,中国銀行,690
781,伊予銀行,250
782,日本ケミコン,710
783,日本プラスト,650
784,デサント,110
785,インターネットイニシアティブ,290
786,東洋鋼鈑,260
787,トナミホールディングス,450
788,マブチモーター,230
789,ダイヘン,50
790,カナデン,280
791,エスビー食品,400
792,イエローハット,230
793,ダイダン,160
794,東邦亜鉛,30
795,ベルーナ,250
796,東プレ,640
797,リゾートトラスト,760
798,ドトール・日レスホールディングス,1040
799,関西スーパーマーケット,860
800,日本写真印刷,980
801,三菱製鋼,490
802,バイテックホールディングス,740
803,飛島建設,520
804,セリア,260
805,橋本総業,290
806,デジタル・アドバタイジング・コンソーシア,1220
807,大都魚類,330
808,キッツ,290
809,ＪＳＰ,1
810,クリナップ,530
811,東鉄工業,430
812,コニシ,260
813,トレンドマイクロ,640
814,京都銀行,610
815,トランコム,560
816,東海カーボン,610
817,トラスコ中山,650
818,カノークス,590
819,クオール,500
820,池田泉州ホールディングス,950
821,ＭｒＭａｘ,260
822,エコス,260
823,ヤギ,50
824,セブン銀行,420
825,東亜道路工業,690
826,積水化成品工業,880
827,錢高組,360
828,キョーリン製薬ホールディングス,930
829,七十七銀行,630
830,ミクシィ,320
831,ＪＡＬＵＸ,1
832,大垣共立銀行,840
833,東映,1
834,オープンハウス,260
835,浜松ホトニクス,530
836,ヤマザワ,110
837,今仙電機製作所,970
838,東京エレクトロン　デバイス,810
839,東光高岳,650
840,アサヒホールディングス,450
841,サンワテクノス,350
842,三陽商会,350
843,マックスバリュ東北,760
844,大林道路,390
845,ツムラ,320
846,黒崎播磨,680
847,共立メンテナンス,800
848,菱洋エレクトロ,860
849,アマノ,60
850,日東工業,340
851,ＧＭＯインターネット,90
852,富士通フロンテック,730
853,ニチモウ,60
854,神奈川中央交通,730
855,フクダ電子,390
856,ジャックス,640
857,新電元工業,510
858,パル,500
859,キリン堂ホールディングス,830
860,総合メディカル,750
861,ＪＵＫＩ,1
862,ニチコン,230
863,日新電機,460
864,富士機工,580
865,メタウォーター,180
866,中国塗料,580
867,ニチハ,30
868,日本取引所グループ,720
869,木徳神糧,710
870,三重交通グループホールディングス,1040
871,沢井製薬,350
872,都築電気,720
873,やまびこ,310
874,日本合成化学工業,950
875,ブルボン,330
876,ピーエス三菱,490
877,ビー・エム・エル,400
878,不二家,50
879,西尾レントオール,650
880,川田テクノロジーズ,680
881,Ｏｌｙｍｐｉｃグループ,640
882,タクマ,260
883,セーレン,260
884,ドウシシャ,230
885,ジーフット,80
886,ティラド,250
887,石原産業,400
888,乃村工藝社,670
889,イトーキ,200
890,ＭＣＪ,1
891,横河ブリッジホールディングス,950
892,日本パーカライジング,750
893,アオキスーパー,620
894,ユアサ・フナショク,320
895,日本コークス工業,790
896,アークランドサカモト,700
897,大阪ソーダ,400
898,中越パルプ工業,780
899,オーエスジー,170
900,ナラサキ産業,730
901,ヤマナカ,260
902,ソーダニッカ,640
903,北海道瓦斯,690
904,カドカワ,610
905,日本毛織,560
906,日本信号,730
907,品川リフラクトリーズ,750
908,飯野海運,290
909,太平洋工業,370
910,サトーホールディングス,480
911,京葉瓦斯,310
912,フィールズ,250
913,極東開発工業,850
914,ノリタケカンパニーリミテド,790
915,不二サッシ,230
916,アンリツ,260
917,ミクニ,260
918,栗本鐵工所,710
919,正栄食品工業,880
920,大豊工業,310
921,トーカイ,200
922,第四銀行,360
923,くらコーポレーション,680
924,足利ホールディングス,830
925,マックスバリュ北海道,840
926,ラクト・ジャパン,550
927,日本車輌製造,460
928,三井製糖,240
929,関西アーバン銀行,810
930,ハローズ,250
931,サニックス,650
932,キヤノン電子,400
933,バンドー化学,680
934,日本電子,230
935,藤森工業,690
936,亀田製菓,730
937,丸全昭和運輸,460
938,岡三証券グループ,760
939,カワニシホールディングス,780
940,日伝,80
941,市光工業,700
942,マミーマート,270
943,科研製薬,620
944,能美防災,170
945,新東工業,370
946,上原成商事,430
947,住友精化,440
948,日本トランスシティ,770
949,共同印刷,400
950,グリー,250
951,ＪＢＣＣホールディングス,420
952,リケンテクノス,620
953,ハマキョウレックス,680
954,山洋電気,700
955,高島,320
956,ベルパーク,550
957,小森コーポレーション,770
958,住江織物,440
959,第一交通産業,510
960,メイコー,260
961,名鉄運輸,150
962,東リ,340
963,山陰合同銀行,620
964,エスケー化研,650
965,三浦工業,670
966,パイロットコーポレーション,710
967,日東紡績,370
968,学研ホールディングス,830
969,ジェコス,310
970,松竹,290
971,アキレス,560
972,萩原電気,600
973,広島ガス,460
974,滋賀銀行,390
975,Ｇ−７ホールディングス,360
976,東京応化工業,790
977,ユニバーサルエンターテインメント,640
978,クワザワ,310
979,キーエンス,260
980,西川ゴム工業,810
981,リテールパートナーズ,730
982,フルサト工業,640
983,カッパ・クリエイト,560
984,大倉工業,640
985,三菱総合研究所,1050
986,日本管財,670
987,トリドール,580
988,持田製薬,370
989,堺化学工業,840
990,椿本興業,720
991,新日本空調,440
992,アイフル,200
993,タムラ製作所,740
994,大本組,350
995,Ｋ＆Ｏエナジーグループ,660
996,名工建設,710
997,テクノアソシエ,320
998,古野電気,610
999,アルプス物流,700
1000,ザ・パック,580
1001,理想科学工業,810
1002,ライト工業,580
1003,理研ビタミン,670
1004,カネ美食品,700
1005,中央発條,200
1006,ナック,530
1007,富士機械製造,720
1008,井筒屋,110
1009,新興プランテック,680
1010,東武ストア,170
1011,松井建設,500
1012,大同メタル工業,800
1013,ルネサスイーストン,440
1014,日本ハウズイング,720
1015,マルキョウ,560
1016,日本ＫＦＣホールディングス,780
1017,オエノンホールディングス,450
1018,ピジョン,250
1019,フーマイスターエレクトロニクス,890
1020,ラウンドワン,310
1021,ワンダーコーポレーション,790
1022,綿半ホールディングス,570
1023,ＯＣＨＩホールディングス,360
1024,ＣＫＤ,1
1025,東京ドーム,340
1026,ＰＬＡＮＴ,1
1027,東海東京フィナンシャル・ホールディングス,1080
1028,ハリマ化成グループ,700
1029,八洲電機,340
1030,メルコホールディングス,780
1031,矢作建設工業,870
1032,メイテック,590
1033,愛知電機,250
1034,日本工営,560
1035,荒川化学工業,780
1036,南都銀行,340
1037,松屋,120
1038,テクノプロ・ホールディングス,720
1039,松屋フーズ,170
1040,東京産業,430
1041,オカモト,260
1042,百五銀行,660
1043,加藤製作所,710
1044,日本電計,670
1045,朝日放送,180
1046,澁谷工業,420
1047,日本新薬,680
1048,築地魚市場,360
1049,ファルテック,530
1050,フジ住宅,360
1051,富士興産,310
1052,メッセージ,230
1053,特種東海製紙,860
1054,永谷園ホールディングス,590
1055,電通国際情報サービス,1010
1056,ライトオン,200
1057,高圧ガス工業,870
1058,尾家産業,110
1059,タキヒヨー,200
1060,百十四銀行,750
1061,ファンケル,500
1062,スミダコーポレーション,790
1063,太平電業,130
1064,大崎電気工業,810
1065,ゼロ,250
1066,タカラレーベン,580
1067,ジャムコ,310
1068,東テク,340
1069,アイダエンジニアリング,470
1070,象印マホービン,500
1071,アデランス,310
1072,桧家ホールディングス,720
1073,ＦＤＫ,1
1074,鬼怒川ゴム工業,830
1075,武蔵野銀行,460
1076,泉州電業,310
1077,日本アジアグループ,720
1078,新日本電工,490
1079,王将フードサービス,370
1080,シンフォニア　テクノロジー,670
1081,エレコム,560
1082,月島機械,770
1083,コスモスイニシア,470
1084,メディカルシステムネットワーク,880
1085,パラマウントベッドホールディングス,1020
1086,天馬,60
1087,コロナ,500
1088,エコートレーディング,660
1089,ＤＴＳ,1
1090,はごろもフーズ,360
1091,サンリオ,260
1092,ワコム,260
1093,ブックオフコーポレーション,730
1094,紀陽銀行,610
1095,りらいあコミュニケーションズ,760
1096,グローブライド,680
1097,北國銀行,670
1098,天満屋ストア,150
1099,日本シイエムケイ,710
1100,タムロン,260
1101,クロスプラス,680
1102,東京製綱,380
1103,四電工,310
1104,大日本塗料,610
1105,ＮＤＳ,1
1106,若築建設,760
1107,ＷＯＷＯＷ,180
1108,ＥＩＺＯ,1
1109,リケン,500
1110,ヒマラヤ,260
1111,レナウン,230
1112,モリタホールディングス,750
1113,高速,590
1114,京葉銀行,610
1115,信越ポリマー,680
1116,イチネンホールディングス,480
1117,東和薬品,200
1118,日比谷総合設備,420
1119,朝日工業社,430
1120,北野建設,710
1121,マンダム,170
1122,ダンロップスポーツ,730
1123,サカイ引越センター,770
1124,大庄,110
1125,不動テトラ,280
1126,富士古河Ｅ＆Ｃ,300
1127,アルビス,310
1128,タキロン,500
1129,ＵＳＥＮ,1
1130,ホーチキ,230
1131,日本山村硝子,850
1132,双葉電子工業,440
1133,キッセイ薬品工業,790
1134,新日本建設,560
1135,フコク,530
1136,竹内製作所,740
1137,日新商事,320
1138,藤倉化成,640
1139,たけびし,310
1140,住友不動産販売,400
1141,クリエイト・レストランツ・ホールディング,1020
1142,藤井産業,160
1143,アイ・テック,530
1144,ワールドホールディングス,860
1145,オルガノ,250
1146,コナカ,530
1147,神鋼環境ソリューション,1010
1148,積水樹脂,430
1149,岡部,250
1150,久世,250
1151,三井松島産業,560
1152,阿波銀行,250
1153,イチケン,200
1154,大阪製鐵,440
1155,世紀東急工業,820
1156,ユー・エス・エス,240
1157,ホウスイ,60
1158,三谷産業,200
1159,アジアパイルホールディングス,800
1160,オプトホールディング,600
1161,ニフティ,1
1162,東京精密,440
1163,河合楽器製作所,850
1164,モスフードサービス,430
1165,三ツ星ベルト,540
1166,ＳＭＫ,1
1167,穴吹興産,670
1168,プレサンスコーポレーション,890
1169,アプラスフィナンシャル,680
1170,デクセリアルズ,690
1171,三井ハイテック,710
1172,東京ＴＹフィナンシャルグループ,730
1173,みなと銀行,340
1174,マックス,650
1175,ＧＭＢ,1
1176,ユニバンス,140
1177,村上開明堂,820
1178,トモニホールディングス,450
1179,福島工業,730
1180,東邦銀行,310
1181,カプコン,530
1182,藤田観光,580
1183,メガチップス,700
1184,アコーディア・ゴルフ,630
1185,永大産業,190
1186,丸順,310
1187,三栄建築設計,830
1188,ケーユーホールディングス,780
1189,東京鐵鋼,650
1190,スクロール,590
1191,キャンドゥ,250
1192,丹青社,120
1193,ウッドワン,130
1194,Ｊトラスト,320
1195,日神不動産,320
1196,名港海運,650
1197,ゲンキー,250
1198,京三製作所,830
1199,メニコン,290
1200,ソディック,640
1201,名古屋銀行,360
1202,ヒューマンホールディングス,570
1203,ダイハツディーゼル,440
1204,ジャフコ,250
1205,オイレス工業,640
1206,兼松エレクトロニクス,860
1207,大分銀行,280
1208,ＣＫサンエツ,120
1209,ツクイ,260
1210,協栄産業,820
1211,大平洋金属,790
1212,Ｍｉｓｕｍｉ,150
1213,ゼリア新薬工業,750
1214,中央化学,610
1215,ホクト,200
1216,サンマルクホールディングス,900
1217,日特建設,710
1218,スーパーバリュー,730
1219,石塚硝子,720
1220,三菱鉛筆,550
1221,ケンコーマヨネーズ,730
1222,ノダ,50
1223,ニッタ,30
1224,東京エネシス,350
1225,三谷セキサン,410
1226,北海道コカ・コーラボトリング,860
1227,沖縄セルラー電話,730
1228,パイオラックス,590
1229,岩崎電気,670
1230,アウトソーシング,170
1231,ジョイフル,250
1232,テイクアンドギヴ・ニーズ,430
1233,ココスジャパン,670
1234,フェローテック,530
1235,ハニーズ,50
1236,シーキューブ,370
1237,カネコ種苗,620
1238,アイナボホールディングス,440
1239,三洋貿易,340
1240,東北新社,410
1241,ニチレキ,500
1242,日本ビルファンド投資法人　投資証券,1370
1243,栃木銀行,360
1244,日本甜菜製糖,800
1245,ワキタ,200
1246,薬王堂,640
1247,ゴールドウイン,300
1248,ダイヤモンド電機,530
1249,日本カーバイド工業,770
1250,プラマテルズ,640
1251,北越銀行,640
1252,フジッコ,580
1253,サカタのタネ,350
1254,日本農薬,590
1255,マキヤ,260
1256,日本バイリーン,670
1257,オービック,580
1258,キーコーヒー,650
1259,日本食品化工,770
1260,藤商事,220
1261,黒谷,500
1262,ＫＩホールディングス,360
1263,高見澤,320
1264,大末建設,550
1265,図書印刷,210
1266,イマジカ・ロボット　ホールディングス,880
1267,第一工業製薬,810
1268,大塚家具,700
1269,明治電機工業,770
1270,ＪＭＳ,1
1271,クミアイ化学工業,840
1272,横浜丸魚,740
1273,アイセイ薬局,680
1274,澁澤倉庫,430
1275,タツタ電線,320
1276,琉球銀行,700
1277,ＴＫＣ,1
1278,ノーリツ鋼機,590
1279,セプテーニ・ホールディングス,810
1280,三城ホールディングス,720
1281,テクノ菱和,290
1282,杉田エース,200
1283,イワキ,200
1284,ツガミ,170
1285,大成温調,90
1286,ダイコク電機,690
1287,丸和運輸機関,650
1288,西部電気工業,770
1289,古河電池,550
1290,サッポロドラッグストアー,890
1291,帝国ホテル,590
1292,アイレップ,530
1293,コロプラ,530
1294,ナカバヤシ,310
1295,サックスバー　ホールディングス,950
1296,ロジネット　ジャパン,720
1297,宇徳,200
1298,田淵電機,300
1299,千葉興業銀行,830
1300,パスコ,560
1301,北川鉄工所,700
1302,シミックホールディングス,840
1303,サンヨーホームズ,230
1304,日本ハウスホールディングス,900
1305,トーヨーカネツ,350
1306,ゼンリン,310
1307,デンヨー,50
1308,平田機工,530
1309,ショーボンドホールディングス,700
1310,アズワン,50
1311,フランスベッドホールディングス,1050
1312,ツカダ・グローバルホールディング,1050
1313,日本ピストンリング,820
1314,ヤマダ・エスバイエルホーム,510
1315,清和中央ホールディングス,810
1316,ヤマタネ,60
1317,日東ベスト,200
1318,シャクリー・グローバル・グループ,1070
1319,エムスリー,320
1320,北陸瓦斯,670
1321,ピーシーデポコーポレーション,1000
1322,日東富士製粉,230
1323,宮崎銀行,690
1324,マネックスグループ,700
1325,スター精密,270
1326,フィデアホールディングス,500
1327,セントラルスポーツ,740
1328,アーク,200
1329,ヨンドシーホールディングス,650
1330,タカギセイコー,640
1331,ウイン・パートナーズ,340
1332,アトム,60
1333,ネクステージ,310
1334,はるやま商事,400
1335,山梨中央銀行,490
1336,山下医科器械,740
1337,ラオックス,590
1338,三光合成,400
1339,ＣＡＣ　Ｈｏｌｄｉｎｇｓ,220
1340,パーカーコーポレーション,800
1341,トーセイ,60
1342,キトー,200
1343,大光,150
1344,千代田インテグレ,300
1345,日新製糖,210
1346,日本リーテック,620
1347,エバラ食品工業,780
1348,常磐興産,450
1349,青森銀行,610
1350,十八銀行,360
1351,三益半導体工業,600
1352,大和,60
1353,アイチコーポレーション,650
1354,愛知銀行,250
1355,日本マニュファクチャリングサービス,960
1356,コンドーテック,610
1357,四国化成工業,820
1358,極東貿易,670
1359,富士急行,610
1360,北恵,370
1361,日和産業,340
1362,沖縄銀行,610
1363,丸運,260
1364,ロック・フィールド,610
1365,ポプラ,530
1366,サノヤスホールディングス,540
1367,Ｔ＆Ｋ　ＴＯＫＡ,120
1368,応用地質,180
1369,ハークスレイ,560
1370,アルファＣｏ,200
1371,プロトコーポレーション,680
1372,第一建設工業,810
1373,福井銀行,580
1374,ホソカワミクロン,650
1375,島精機製作所,1010
1376,ジャパンリアルエステイト投資法人　投資証,1380
1377,エステー,60
1378,太陽ホールディングス,360
1379,ノエビアホールディングス,440
1380,スペース,350
1381,山陽電気鉄道,570
1382,芦森工業,700
1383,秋田銀行,580
1384,田中精密工業,820
1385,ケイヒン,200
1386,北陸電気工業,750
1387,ＯＢＡＲＡ　ＧＲＯＵＰ,180
1388,日本電波工業,780
1389,長府製作所,440
1390,林兼産業,490
1391,ヨネックス,590
1392,ニチリン,230
1393,電気興業,660
1394,シモジマ,230
1395,シキボウ,310
1396,マルカキカイ,650
1397,日本リテールファンド投資法人　投資証券,1380
1398,住友精密工業,700
1399,サンデー,110
1400,高田工業所,750
1401,中部瓦斯,160
1402,ＴＢＫ,1
1403,扶桑薬品工業,730
1404,東京インキ,590
1405,富士通コンポーネント,730
1406,栗林商船,790
1407,高周波熱錬,710
1408,明星工業,540
1409,ダイナパック,580
1410,広島電鉄,490
1411,ローランド　ディー．ジー．,890
1412,アサガミ,170
1413,サトー商会,320
1414,ミマキエンジニアリング,810
1415,イオンファンタジー,110
1416,ＫＯＡ,1
1417,ファルコホールディングス,720
1418,チムニー,60
1419,白洋舎,290
1420,第一精工,370
1421,酉島製作所,860
1422,伊勢湾海運,350
1423,シンデン・ハイテックス,790
1424,進和,210
1425,ウエストホールディングス,450
1426,植木組,310
1427,上村工業,730
1428,カーリットホールディングス,780
1429,ヴィレッジヴァンガードコーポレーション,1220
1430,蛇の目ミシン工業,570
1431,山形銀行,390
1432,小池酸素工業,790
1433,川崎近海汽船,890
1434,長野計器,610
1435,キムラユニティー,560
1436,ダイセキ,310
1437,ルック,530
1438,旭ダイヤモンド工業,560
1439,北海電気工事,690
1440,ミヨシ油脂,270
1441,キョウデン,250
1442,澤田ホールディングス,500
1443,トシン・グループ,610
1444,新日本無線,360
1445,オーシャンシステム,300
1446,ＴＯＡ,1
1447,共和レザー,550
1448,フォーバル,250
1449,日本トムソン,740
1450,ＭｏｎｏｔａＲＯ,30
1451,長谷川香料,640
1452,日本金属,700
1453,ロイヤルホテル,590
1454,大同工業,440
1455,あさひ,60
1456,中山福,590
1457,ワッツ,90
1458,三栄コーポレーション,740
1459,片倉工業,640
1460,岩手銀行,250
1461,四国銀行,700
1462,ＯＳＪＢホールディングス,360
1463,エスライン,260
1464,マルゼン,310
1465,コシダカホールディングス,860
1466,ジュンテンドー,160
1467,ワタベウェディング,150
1468,筑波銀行,690
1469,日本ピグメント,760
1470,日成ビルド工業,740
1471,壱番屋,50
1472,神栄,60
1473,インテージホールディングス,530
1474,扶桑電通,200
1475,芝浦メカトロニクス,790
1476,北雄ラッキー,650
1477,サクサホールディングス,810
1478,東日本銀行,540
1479,東和銀行,280
1480,鳥居薬品,500
1481,柿安本店,770
1482,中野冷機,560
1483,木曽路,310
1484,中部鋼鈑,310
1485,東京計器,620
1486,コメ兵,260
1487,北陸電気工事,720
1488,愛媛銀行,310
1489,ニューフレアテクノロジー,670
1490,日鍛バルブ,390
1491,共立印刷,740
1492,ＮＳＤ,1
1493,あすか製薬,650
1494,アオイ電子,110
1495,セントラル警備保障,730
1496,じもとホールディングス,470
1497,日邦産業,400
1498,いちごグループホールディングス,1000
1499,エンチョー,1
1500,ニッピ,530
1501,ユニマット　リタイアメント・コミュニティ,950
1502,北興化学工業,870
1503,ファースト住建,310
1504,電響社,310
1505,明和地所,170
1506,アルインコ,500
1507,パナソニック　デバイスＳＵＮＸ,780
1508,ダイユーエイト,80
1509,ＩＤＥＣ,1
1510,シノブフーズ,160
1511,ルネサンス,350
1512,マルヨシセンター,380
1513,鶴見製作所,800
1514,佐賀銀行,390
1515,シーイーシー,300
1516,東海エレクトロニクス,740
1517,ＥＰＳホールディングス,360
1518,中村屋,560
1519,愛知時計電機,610
1520,ナガセ,110
1521,アイホン,1
1522,六甲バター,580
1523,東邦化学工業,780
1524,あい　ホールディングス,360
1525,アートネイチャー,60
1526,日本空調サービス,760
1527,駒井ハルテック,620
1528,スタートトゥデイ,200
1529,アイ・オー・データ機器,730
1530,富士紡ホールディングス,460
1531,ＵＥＸ,1
1532,東海運,230
1533,ダイニック,580
1534,アリアケジャパン,580
1535,旭有機材工業,780
1536,ＮａＩＴＯ,1
1537,日本高周波鋼業,850
1538,巴工業,340
1539,アップルインターナショナル,740
1540,ジェイアイエヌ,80
1541,タイガースポリマー,730
1542,徳倉建設,740
1543,岡山県貨物運送,920
1544,大阪チタニウムテクノロジーズ,840
1545,サンテック,590
1546,モリ工業,640
1547,インフォコム,260
1548,サマンサタバサジャパンリミテッド,1180
1549,エフ・ジェー・ネクスト,370
1550,遠藤照明,200
1551,みちのく銀行,670
1552,クリヤマホールディングス,750
1553,フージャースホールディングス,620
1554,日本バルカー工業,720
1555,日華化学,640
1556,ニチバン,80
1557,第三銀行,420
1558,オーハシテクニカ,620
1559,ソフトバンク・テクノロジー,780
1560,原田工業,630
1561,寺崎電気産業,870
1562,日本ロジテム,670
1563,シノケングループ,640
1564,神姫バス,370
1565,エンプラス,560
1566,東洋電機製造,420
1567,日本特殊塗料,680
1568,建設技術研究所,1080
1569,ファーマライズホールディングス,860
1570,エー・アンド・デイ,190
1571,エーアンドエーマテリアル,760
1572,ＡＳＴＩ,1
1573,アミューズ,110
1574,新晃工業,730
1575,テーオー小笠原,400
1576,健康コーポレーション,770
1577,ハリマ共和物産,730
1578,立川ブラインド工業,710
1579,ヤマト,60
1580,アイネス,60
1581,佐藤渡辺,140
1582,ダイトエレクトロン,640
1583,安田倉庫,370
1584,小津産業,160
1585,南海辰村建設,950
1586,関東電化工業,810
1587,ＳＰＫ,1
1588,太陽化学,580
1589,なとり,200
1590,三共生興,800
1591,フクビ化学工業,830
1592,リンガーハット,280
1593,デジタルガレージ,790
1594,堺商事,370
1595,ソルコム,620
1596,サトレストランシステムズ,1000
1597,協和日成,260
1598,ヨンキュウ,230
1599,ゼット,80
1600,ファインシンター,120
1601,コーエーテクモホールディングス,870
1602,サンオータス,120
1603,フェリシモ,320
1604,幸楽苑ホールディングス,840
1605,ドクターシーラボ,720
1606,有沢製作所,770
1607,グランディハウス,360
1608,リズム時計工業,720
1609,デイ・シイ,140
1610,日本化成,620
1611,あじかん,250
1612,ムサシ,180
1613,イリソ電子工業,750
1614,スズデン,160
1615,桑山,260
1616,テイカ,200
1617,スタジオアリス,400
1618,小倉クラッチ,610
1619,システナ,120
1620,新家工業,340
1621,北海道中央バス,780
1622,グルメ杵屋,610
1623,イハラケミカル工業,730
1624,オーナンバ,80
1625,小松精練,680
1626,アパマンショップホールディングス,930
1627,オリジン電気,660
1628,ＳＲＡホールディングス,360
1629,日本化学工業,780
1630,ＵＴグループ,550
1631,井村屋グループ,640
1632,日精樹脂工業,510
1633,オーエムツーネットワーク,500
1634,セキチュー,260
1635,廣済堂,340
1636,リーガルコーポレーション,790
1637,三井住建道路,750
1638,日本ヒューム,620
1639,ミタチ産業,170
1640,日本精蝋,620
1641,マックハウス,650
1642,アドウェイズ,100
1643,石光商事,350
1644,モリト,260
1645,丸山製作所,830
1646,サンコール,560
1647,ＪＦＥシステムズ,230
1648,カカクコム,680
1649,ダイビル,300
1650,オーデリック,580
1651,オンキヨー,200
1652,ＴＴＫ,60
1653,朝日工業,340
1654,未来工業,640
1655,東邦アセチレン,320
1656,朝日インテック,590
1657,スーパーバッグ,500
1658,杉本商事,280
1659,アイエーグループ,610
1660,ホギメディカル,660
1661,さいか屋,260
1662,横浜魚類,640
1663,日本ケミファ,620
1664,ダイイチ,80
1665,帝国繊維,620
1666,北越工業,670
1667,ＡＣＫグループ,550
1668,リリカラ,590
1669,エフティグループ,550
1670,ダイナック,580
1671,三菱化工機,790
1672,サンヨーハウジング名古屋,360
1673,三晃金属工業,900
1674,津田駒工業,810
1675,スターフライヤー,320
1676,竹田印刷,400
1677,日本デジタル研究所,810
1678,保土谷化学工業,840
1679,大日光・エンジニアリング,890
1680,弘電社,310
1681,カンダホールディングス,800
1682,一正蒲鉾,900
1683,フューチャーアーキテクト,680
1684,ハイデイ日高,390
1685,ヨコオ,200
1686,パンチ工業,580
1687,平和不動産,110
1688,英和,1
1689,ドミー,110
1690,エスアールジータカミヤ,730
1691,日本コンクリート工業,790
1692,フジマック,640
1693,巴川製紙所,350
1694,東洋炭素,120
1695,ダイト,50
1696,戸田工業,330
1697,多木化学,610
1698,トップカルチャー,530
1699,前田製作所,490
1700,Ａｓ−ｍｅエステール,380
1701,東邦チタニウム,180
1702,エスペック,590
1703,東光,230
1704,佐藤食品工業,820
1705,日本精線,770
1706,南陽,30
1707,物語コーポレーション,790
1708,文教堂グループホールディングス,1110
1709,フマキラー,560
1710,三重銀行,310
1711,セントケア・ホールディング,720
1712,キングジム,360
1713,ラック,530
1714,中道リース,340
1715,フジミインコーポレーテッド,800
1716,ＭＡＲＵＷＡ,60
1717,大興電子通信,610
1718,東亜石油,260
1719,朝日印刷,210
1720,ぐるなび,300
1721,ウィルグループ,610
1722,日本海洋掘削,860
1723,マツヤ,120
1724,エンビプロ・ホールディングス,800
1725,佐田建設,430
1726,東洋埠頭,120
1727,サーラ住宅,610
1728,中京銀行,640
1729,扶桑化学工業,810
1730,長野日本無線,320
1731,トライステージ,340
1732,中部日本放送,760
1733,松本油脂製薬,560
1734,サンリン,320
1735,エナリス,260
1736,大和冷機工業,700
1737,丸藤シートパイル,730
1738,ファンコミュニケーションズ,790
1739,明治海運,340
1740,新田ゼラチン,310
1741,カンセキ,590
1742,パレモ,560
1743,カーチスホールディングス,840
1744,ブロードバンドタワー,550
1745,川金ホールディングス,750
1746,エルナー,200
1747,リックス,590
1748,ダイキアクシス,700
1749,富士通ビー・エス・シー,400
1750,アルファグループ,610
1751,守谷商会,620
1752,ナ・デックス,640
1753,アルゴグラフィックス,750
1754,フレンテ,200
1755,大真空,310
1756,森組,620
1757,栄研化学,730
1758,エムティーアイ,60
1759,レーサム,320
1760,ナカニシ,290
1761,東京ラヂエーター製造,810
1762,日工,530
1763,東急レクリエーション,650
1764,日本エスリード,670
1765,フジオフードシステム,340
1766,セゾン情報システムズ,480
1767,コマニー,260
1768,ユナイテッド・アーバン投資法人　投資証券,1090
1769,藤倉ゴム工業,800
1770,日本石油輸送,410
1771,チヨダウーテ,50
1772,日本ドライケミカル,730
1773,ＳＪＩ,1
1774,東映アニメーション,150
1775,新日本理化,680
1776,小松ウオール工業,790
1777,美樹工業,670
1778,アライドテレシスホールディングス,980
1779,太平洋興発,410
1780,ムゲンエステート,200
1781,ＪＦＥコンテイナー,230
1782,和田興産,310
1783,油研工業,640
1784,日本管理センター,740
1785,荏原実業,360
1786,白銅,310
1787,エンシュウ,60
1788,サンエー化研,650
1789,三協フロンテア,620
1790,アシードホールディングス,590
1791,滝沢ハム,310
1792,澤藤電機,360
1793,シライ電子工業,810
1794,稲葉製作所,460
1795,ミサワホーム中国,460
1796,梅の花,90
1797,東北化学薬品,730
1798,安永,110
1799,日本カーボン,670
1800,協立電機,670
1801,生化学工業,780
1802,トリニティ工業,610
1803,アドバネクス,360
1804,三洋工業,400
1805,テイツー,90
1806,元気寿司,370
1807,レック,530
1808,富士製薬工業,750
1809,日本マイクロニクス,800
1810,リックコーポレーション,710
1811,清水銀行,420
1812,ユシロ化学工業,810
1813,前澤工業,400
1814,ハンズマン,170
1815,リンクアンドモチベーション,870
1816,ＡＯＩ　Ｐｒｏ．,200
1817,綜研化学,670
1818,神鋼鋼線工業,940
1819,シー・ヴイ・エス・ベイエリア,600
1820,日東工器,380
1821,ディーブイエックス,690
1822,三井金属エンジニアリング,950
1823,田中商事,310
1824,魚力,620
1825,福留ハム,320
1826,川本産業,370
1827,川澄化学工業,900
1828,ティー・ワイ・オー,120
1829,アネスト岩田,90
1830,ステラ　ケミファ,620
1831,クリエイト,500
1832,日本システムウエア,740
1833,あみやき亭,260
1834,ヴィンクス,310
1835,デリカフーズ,600
1836,ラサ商事,370
1837,ジー・テイスト,140
1838,靜甲,310
1839,菱友システムズ,470
1840,群栄化学工業,800
1841,日本金銭機械,830
1842,日亜鋼業,280
1843,マースエンジニアリング,510
1844,インテリックス,590
1845,サンフロンティア不動産,580
1846,モロゾフ,310
1847,オーウイル,200
1848,ユニゾホールディングス,440
1849,瑞光,550
1850,ＷＤＢホールディングス,360
1851,ｇｕｍｉ,110
1852,ＴＨＥグローバル社,690
1853,キムラ,560
1854,ウッドフレンズ,380
1855,ホットランド,280
1856,大伸化学,690
1857,サン電子,230
1858,ツカモトコーポレーション,800
1859,ＳＹＳＫＥＮ,60
1860,土屋ホールディングス,450
1861,大冷,280
1862,田辺工業,330
1863,クロップス,590
1864,ＭＯＲＥＳＣＯ,60
1865,ピックルスコーポレーション,800
1866,滝澤鉄工所,700
1867,アプライド,550
1868,ウェッズ,130
1869,電算システム,350
1870,イノテック,530
1871,マーベラス,370
1872,アイコム,260
1873,メディカル一光,730
1874,タケエイ,200
1875,塩水港精糖,380
1876,ヒト・コミュニケーションズ,760
1877,藤田エンジニアリング,500
1878,日東精工,320
1879,ケネディクス,640
1880,トーシン,60
1881,岡本工作機械製作所,1070
1882,ビケンテクノ,610
1883,ダイヤモンドダイニング,470
1884,トーカロ,500
1885,東洋機械金属,700
1886,タカラバイオ,550
1887,ハーモニック・ドライブ・システムズ,1010
1888,酒井重工業,750
1889,セメダイン,170
1890,高知銀行,640
1891,日本精化,620
1892,内海造船,260
1893,メタルアート,290
1894,ゲームカード・ジョイコホールディングス,1080
1895,日本ライフライン,710
1896,日本アビオニクス,730
1897,オプテックス,590
1898,タカキュー,530
1899,ヴィア・ホールディングス,440
1900,大田花き,230
1901,長大,50
1902,トーエル,200
1903,ダイベア,100
1904,中西製作所,860
1905,西川計測,680
1906,山一電機,310
1907,日本電通,730
1908,ポラテクノ,500
1909,ＯＫＫ,60
1910,サガミチェーン,170
1911,大井電気,280
1912,モリテック　スチール,680
1913,ミルボン,310
1914,シーアールイー,380
1915,ケー・エフ・シー,380
1916,ラックランド,640
1917,ジャパン・フード＆リカー・アライアンス,900
1918,ＲＫＢ毎日放送,180
1919,クレスコ,590
1920,フジ・コーポレーション,670
1921,ＧＭＯクリックホールディングス,780
1922,第一屋製パン,370
1923,ジーエフシー,170
1924,池上通信機,760
1925,ジャパンフーズ,300
1926,北日本銀行,670
1927,サカイオーベックス,730
1928,宮地エンジニアリンググループ,970
1929,アルファシステムズ,430
1930,オハラ,200
1931,岩崎通信機,740
1932,平河ヒューテック,620
1933,大日本木材防腐,800
1934,大戸屋ホールディングス,740
1935,前田工繊,370
1936,中外炉工業,690
1937,ＩＣＤＡホールディングス,360
1938,ナガワ,50
1939,ダイドーリミテッド,580
1940,ジェコー,250
1941,三精テクノロジーズ,750
1942,オリックス不動産投資法人　投資証券,1410
1943,アドバンス・レジデンス投資法人　投資証券,1650
1944,日阪製作所,830
1945,富士ピー・エス,310
1946,前澤給装工業,880
1947,サムティ,120
1948,オータケ,200
1949,プレステージ・インターナショナル,880
1950,三洋堂ホールディングス,590
1951,神東塗料,350
1952,日本フイルコン,620
1953,遠州トラック,590
1954,昭和飛行機工業,850
1955,エイチアンドエフ,80
1956,かどや製油,340
1957,星光ＰＭＣ,620
1958,創通,260
1959,ソマール,320
1960,ロックペイント,530
1961,大阪有機化学工業,960
1962,東陽テクニカ,590
1963,ＳＥＣカーボン,250
1964,ＧＭＯアドパートナーズ,360
1965,ＫＶＫ,60
1966,児玉化学工業,890
1967,ＷＤＩ,1
1968,ウチヤマホールディングス,450
1969,豊和工業,690
1970,テンポスバスターズ,480
1971,中央倉庫,320
1972,中央可鍛工業,670
1973,長野銀行,390
1974,太洋物産,170
1975,日本電技,720
1976,ＭＵＴＯＨホールディングス,360
1977,指月電機製作所,920
1978,アツギ,110
1979,アドアーズ,130
1980,日本プライムリアルティ投資法人　投資証券,1390
1981,Ｕ−ＮＥＸＴ,1
1982,アイネット,30
1983,エスクリ,560
1984,ヤマノホールディングス,450
1985,第一稀元素化学工業,1000
1986,ＰＡＬＴＥＫ,1
1987,東陽倉庫,320
1988,スーパー大栄,400
1989,レオン自動機,600
1990,寿スピリッツ,800
1991,だいこう証券ビジネス,860
1992,クリーク・アンド・リバー社,900
1993,セコム上信越,490
1994,オリバー,250
1995,Ｅ・Ｊホールディングス,360
1996,丸栄,260
1997,アジア航測,670
1998,ラサ工業,640
1999,ながの東急百貨店,760
2000,神戸電鉄,390
2001,日本インター,620
2002,アニコム　ホールディングス,750
2003,巴コーポレーション,680
2004,日精エー・エス・ビー機械,940
2005,鳥越製粉,310
2006,ムトー精工,320
2007,コンテック,560
2008,星和電機,340
2009,さくらケーシーエス,770
2010,寺岡製作所,710
2011,トーソー,120
2012,テノックス,590
2013,ミロク情報サービス,810
2014,鈴木,310
2015,前澤化成工業,790
2016,川西倉庫,650
2017,日本基礎技術,780
2018,萩原工業,690
2019,イムラ封筒,290
2020,マルサンアイ,320
2021,大光銀行,400
2022,ツツミ,240
2023,藤久,250
2024,三社電機製作所,940
2025,近畿車輛,620
2026,帝国電機製作所,910
2027,西菱電機,490
2028,萬世電機,420
2029,岩塚製菓,710
2030,ヤマトインターナショナル,440
2031,エーアイテイー,90
2032,共成レンテム,410
2033,コーセル,560
2034,大同信号,270
2035,エイジス,110
2036,戸上電機製作所,900
2037,ダイオーズ,100
2038,コックス,620
2039,日本ピラー工業,670
2040,ベネフィット・ワン,110
2041,さが美,160
2042,情報技術開発,650
2043,富士精工,310
2044,フルヤ金属,580
2045,ハイパー,200
2046,那須電機鉄工,700
2047,フリービット,280
2048,テクノホライゾン・ホールディングス,890
2049,ＫＬａｂ,50
2050,ロンシール工業,670
2051,ソフト９９コーポレーション,740
2052,理研計器,590
2053,テラプローブ,580
2054,図研,250
2055,北越メタル,650
2056,ハナテン,30
2057,ＴＯＷＡ,1
2058,トミタ,90
2059,ユタカフーズ,250
2060,マミヤ・オーピー,380
2061,ヨータイ,1
2062,プロネクサス,620
2063,空港施設,740
2064,ヨシコン,260
2065,三京化成,650
2066,ホットマン,90
2067,オーテック,530
2068,スリーエフ,260
2069,ＦＣＭ,1
2070,菊水化学工業,870
2071,西芝電機,510
2072,アマナ,60
2073,ノザワ,50
2074,クルーズ,550
2075,ケンコーコム,650
2076,トラスト・テック,680
2077,中外鉱業,390
2078,イートアンド,50
2079,ソレキア,560
2080,新潟交通,370
2081,小林産業,450
2082,ヤマウ,60
2083,日特エンジニアリング,750
2084,神島化学工業,960
2085,ヤマウラ,260
2086,本州化学工業,840
2087,日本セラミック,740
2088,ビーアールホールディングス,890
2089,ユニオンツール,290
2090,平和紙業,140
2091,大成ラミック,680
2092,トマト銀行,370
2093,テーオーシー,180
2094,いちよし証券,410
2095,ジェーソン,110
2096,岩井コスモホールディングス,840
2097,ストリーム,320
2098,ティアック,530
2099,日本証券金融,800
2100,丸三証券,740
2101,新潟放送,140
2102,ナガホリ,250
2103,盟和産業,170
2104,東京窯業,430
2105,レシップホールディングス,810
2106,大阪工機,650
2107,フルキャストホールディングス,810
2108,虹技,100
2109,アルプス技研,610
2110,シンニッタン,180
2111,芝浦電子,480
2112,ＳＦＰダイニング,130
2113,内外トランスライン,820
2114,名糖産業,200
2115,住石ホールディングス,500
2116,スバル興業,690
2117,ジオスター,110
2118,セントラル総合開発,820
2119,昭和パックス,650
2120,東洋テック,590
2121,オービックビジネスコンサルタント,1010
2122,ＪＣＵ,1
2123,田岡化学工業,780
2124,新京成電鉄,550
2125,リゾートソリューション,790
2126,日本フェンオール,620
2127,ゴールドクレスト,690
2128,松風,370
2129,チノー,1
2130,日本化学産業,840
2131,エン・ジャパン,310
2132,エスイー,60
2133,フェイス,60
2134,アヲハタ,1
2135,ＴＡＣ,1
2136,ディップ,580
2137,丸紅建材リース,780
2138,山陽百貨店,680
2139,早稲田アカデミー,450
2140,ＴＤＣソフトウェアエンジニアリング,480
2141,エスケーエレクトロニクス,800
2142,日本ライトン,620
2143,焼津水産化学工業,950
2144,トーア紡コーポレーション,730
2145,エムケー精工,650
2146,はせがわ,110
2147,かわでん,250
2148,バイク王＆カンパニー,610
2149,九州リースサービス,940
2150,エー・ピーカンパニー,680
2151,大東港運,230
2152,カーメイト,260
2153,ヒビノ,50
2154,南日本銀行,850
2155,新コスモス電機,910
2156,シュッピン,590
2157,大成,90
2158,銚子丸,350
2159,フジ日本精糖,670
2160,木村化工機,680
2161,ＴＡＳＡＫＩ,60
2162,鳥羽洋行,280
2163,プラザクリエイト,580
2164,ボーソー油脂,230
2165,東理ホールディングス,890
2166,コア,200
2167,片倉コープアグリ,640
2168,エノモト,60
2169,ブロードリーフ,690
2170,ナカヨ,200
2171,インフォメーション・ディベロプメント,930
2172,日本エスコン,680
2173,技研製作所,760
2174,アスカ,260
2175,高千穂交易,590
2176,東洋シヤッター,180
2177,カンロ,500
2178,リソー教育,590
2179,明光ネットワークジャパン,700
2180,リオン,200
2181,ディーエムエス,200
2182,シード,110
2183,筑邦銀行,730
2184,広栄化学工業,930
2185,ダイショー,110
2186,鳥貴族,580
2187,川崎化成工業,820
2188,シャルレ,590
2189,Ｂ−Ｒ　サーティワン　アイスクリーム,770
2190,東北特殊鋼,770
2191,兼房,250
2192,常磐開発,360
2193,タカショー,260
2194,燦ホールディングス,480
2195,テクマトリックス,740
2196,タカノ,200
2197,ケア２１,200
2198,ビジネスブレイン太田昭和,560
2199,インターライフホールディングス,840
2200,福島銀行,700
2201,ビットアイル,280
2202,東京ソワール,590
2203,日本ビューホテル,610
2204,ジーエルサイエンス,400
2205,エリアリンク,560
2206,正興電機製作所,940
2207,初穂商事,230
2208,ジェイコムホールディングス,770
2209,オイシックス,650
2210,伊勢化学工業,780
2211,高松機械工業,850
2212,トラスト,320
2213,ネクスト,260
2214,ハリマビステム,430
2215,大和自動車交通,570
2216,ＪＰホールディングス,360
2217,大石産業,200
2218,ムロコーポレーション,710
2219,新日本科学,760
2220,サンコーテクノ,620
2221,サンリツ,320
2222,電業社機械製作所,1020
2223,ヒラキ,500
2224,東京都競馬,670
2225,森トラスト総合リート投資法人　投資証券,1650
2226,ユーシン精機,320
2227,細田工務店,370
2228,内外テック,610
2229,ジャストシステム,350
2230,川岸工業,780
2231,京写,260
2232,アクシーズ,310
2233,ゼニス羽田ホールディングス,670
2234,アークランドサービス,780
2235,ヒガシトゥエンティワン,230
2236,大丸エナウィン,340
2237,ＣＩＪ,1
2238,ダイニチ工業,330
2239,ニッセイ,120
2240,マイスターエンジニアリング,510
2241,日東エフシー,90
2242,ケイティケイ,590
2243,ナイガイ,80
2244,アドヴァン,100
2245,山喜,260
2246,音通,290
2247,フロイント産業,370
2248,ＫＩＭＯＴＯ,60
2249,鳥取銀行,640
2250,よみうりランド,640
2251,ゲンダイエージェンシー,330
2252,安楽亭,500
2253,ライドオン・エクスプレス,730
2254,カワタ,200
2255,アジアグロースキャピタル,720
2256,ケネディクス・オフィス投資法人　投資証券,1440
2257,札幌臨床検査センター,950
2258,日置電機,610
2259,イーレックス,590
2260,ジェーシー・コムサ,490
2261,日本駐車場開発,820
2262,自重堂,130
2263,北沢産業,360
2264,ハピネス・アンド・ディ,480
2265,東京特殊電線,850
2266,光村印刷,710
2267,アスモ,120
2268,リンコーコーポレーション,830
2269,東京鋼鐵,710
2270,フジオーゼックス,690
2271,東祥,260
2272,東洋合成工業,540
2273,ＪＣＲファーマ,60
2274,ハードオフコーポレーション,760
2275,タビオ,50
2276,インタースペース,410
2277,共同紙販ホールディングス,950
2278,アイエックス・ナレッジ,750
2279,ダルトン,250
2280,市進ホールディングス,690
2281,日本アンテナ,650
2282,古林紙工,790
2283,中北製作所,740
2284,ニュートン・フィナンシャル・コンサルティ,980
2285,国際計測器,800
2286,ＮＣＳ＆Ａ,1
2287,くろがねや,550
2288,ニホンフラッシュ,380
2289,川重冷熱工業,810
2290,本多通信工業,570
2291,新星堂,170
2292,ワイエイシイ,120
2293,プロスペクト,590
2294,ユニデンホールディングス,560
2295,いであ,50
2296,日東製網,180
2297,野崎印刷紙業,510
2298,ＡＧＳ,1
2299,フジプレアム,610
2300,夢真ホールディングス,780
2301,ブイ・テクノロジー,600
2302,ブルドックソース,750
2303,キーウェアソリューションズ,730
2304,曽田香料,640
2305,東海染工,620
2306,阿波製紙,120
2307,エスケーアイ,260
2308,日本商業開発,820
2309,冨士ダイス,160
2310,アルテック,530
2311,エヌアイデイ,80
2312,サンユウ,60
2313,日本伸銅,730
2314,ペガサスミシン製造,600
2315,川辺,250
2316,ジョリーパスタ,610
2317,ナガイレーベン,330
2318,ピクセルカンパニーズ,700
2319,オーイズミ,110
2320,ＳＨＯ−ＢＩ,1
2321,中央自動車工業,560
2322,シイエム・シイ,270
2323,ゴルフダイジェスト・オンライン,830
2324,愛眼,60
2325,日本アコモデーションファンド投資法人　投,1310
2326,西部電機,360
2327,東邦レマック,620
2328,仙波糖化工業,750
2329,ヤマト・インダストリー,430
2330,水道機工,670
2331,宮崎太陽銀行,750
2332,エイチーム,60
2333,フロンティア不動産投資法人　投資証券,1440
2334,乾汽船,320
2335,工藤建設,700
2336,エス・ディー・エス　バイオテック,870
2337,尾張精機,560
2338,東京個別指導学院,920
2339,石原ケミカル,710
2340,総合商研,430
2341,大森屋,290
2342,ホクリヨウ,500
2343,ニッコー,530
2344,マルコ,560
2345,ヤマックス,650
2346,テンアライド,250
2347,共和電業,390
2348,イーグランド,300
2349,オオバ,80
2350,サイバネットシステム,350
2351,サンメッセ,240
2352,アイ・ケイ・ケイ,680
2353,東京テアトル,620
2354,東北銀行,610
2355,南海プライウッド,690
2356,ノバレーゼ,300
2357,レーザーテック,640
2358,大和ハウス・レジデンシャル投資法人　投資,1490
2359,トーアミ,60
2360,オーミケンシ,320
2361,東洋証券,320
2362,フォーカスシステムズ,520
2363,エス・エム・エス,330
2364,ＶＯＹＡＧＥ　ＧＲＯＵＰ,120
2365,丸東産業,400
2366,名古屋電機工業,800
2367,ＮＪＳ,1
2368,京阪神ビルディング,860
2369,メディキット,340
2370,ヘリオス　テクノ　ホールディング,780
2371,サコス,320
2372,ポールトゥウィン・ピットクルーホールディ,940
2373,クレステック,650
2374,藍澤證券,320
2375,ニチダイ,50
2376,ハウスドゥ,110
2377,帝国通信工業,850
2378,ヒラノテクシード,640
2379,三光マーケティングフーズ,870
2380,ジャパンエクセレント投資法人　投資証券,1470
2381,東洋精糖,180
2382,ＡＦＣ−ＨＤアムスライフサイエンス,500
2383,鈴縫工業,420
2384,ショーエイコーポレーション,830
2385,大和証券オフィス投資法人　投資証券,1500
2386,トレーディア,250
2387,ワイズテーブルコーポレーション,810
2388,大東銀行,330
2389,メガネスーパー,430
2390,天昇電気工業,840
2391,ナトコ,200
2392,瀧上工業,640
2393,伏木海陸運送,710
2394,ニイタカ,200
2395,東亜ディーケーケー,730
2396,ウェザーニューズ,190
2397,日本乾溜工業,760
2398,福岡リート投資法人　投資証券,1210
2399,センコン物流,730
2400,イソライト工業,670
2401,キャリアリンク,590
2402,ファーストコーポレーション,740
2403,シーボン,110
2404,ビーピー・カストロール,760
2405,Ｍｉｎｏｒｉソリューションズ,760
2406,トーヨーアサノ,120
2407,スター・マイカ,320
2408,ウイルコホールディングス,720
2409,ソフトウェア・サービス,230
2410,エヌ・デーソフトウェア,110
2411,マニー,60
2412,兵機海運,560
2413,ウィザス,110
2414,遠藤製作所,430
2415,東海リース,560
2416,京都きもの友禅,760
2417,ＪＩＥＣ,1
2418,アイ・エス・ビー,170
2419,三ツ知,120
2420,アグロ　カネショウ,610
2421,ジェイグループホールディングス,940
2422,技研興業,720
2423,プロルート丸光,800
2424,日本鋳鉄管,710
2425,大日本コンサルタント,820
2426,北陸電話工事,690
2427,アサヒペン,260
2428,魚喜,590
2429,岡谷電機産業,780
2430,宝印刷,650
2431,ハウス　オブ　ローゼ,390
2432,三相電機,430
2433,テー・オー・ダブリュー,480
2434,黒田精工,640
2435,ＳＨＯＥＩ,1
2436,日本アセットマーケティング,880
2437,バリューコマース,730
2438,ＫＳＫ,60
2439,ヤーマン,60
2440,極東証券,680
2441,ツインバード工業,440
2442,ドリームインキュベータ,720
2443,ハーツユナイテッドグループ,830
2444,ファミリー,260
2445,ハーバー研究所,730
2446,東急リアル・エステート投資法人　投資証券,1420
2447,日本精鉱,620
2448,養命酒製造,290
2449,イフジ産業,160
2450,旭コンクリート工業,730
2451,日本コンピュータ・ダイナミクス,880
2452,三浦印刷,380
2453,ＳＥＭＩＴＥＣ,60
2454,ブロンコビリー,660
2455,日本アクア,590
2456,ＧＣＡサヴィアン,110
2457,セブン工業,390
2458,金下建設,770
2459,電算,170
2460,ニッポン高度紙工業,840
2461,安川情報システム,580
2462,オーバル,250
2463,ダイセキ環境ソリューション,940
2464,日本トリム,620
2465,豆蔵ホールディングス,810
2466,キング,250
2467,日本興業,640
2468,ローツェ,260
2469,ムーンバット,140
2470,ミロク,560
2471,旭精機工業,730
2472,共栄タンカー,530
2473,アサンテ,60
2474,東京汽船,650
2475,日本コロムビア,670
2476,日本ユピカ,590
2477,ライフフーズ,310
2478,富士テクニカ宮津,690
2479,ＢＥＥＮＯＳ,60
2480,イチカワ,200
2481,トラストホールディングス,840
2482,東邦システムサイエンス,420
2483,ＣＳＳホールディングス,420
2484,ネプロジャパン,610
2485,キューブシステム,430
2486,船井総研ホールディングス,810
2487,アイケイ,230
2488,小野測器,590
2489,ソリトンシステムズ,520
2490,昭文社,610
2491,フォーバルテレコム,640
2492,田中化学研究所,790
2493,クラウディア,550
2494,フリージア・マクロス,700
2495,ジャステック,640
2496,中央紙器工業,820
2497,東洋ビジネスエンジニアリング,670
2498,うかい,200
2499,日本Ｍ＆Ａセンター,680
2500,日本電子材料,480
2501,兼松日産農林,920
2502,知多鋼業,280
2503,毎日コムネット,380
2504,ソネック,590
2505,日本ケアサプライ,650
2506,野村マイクロ・サイエンス,830
2507,ヤスハラケミカル,680
2508,小僧寿し,520
2509,東計電算,510
2510,極楽湯,610
2511,クニミネ工業,700
2512,大泉製作所,550
2513,佐渡汽船,370
2514,ＥＲＩホールディングス,360
2515,オカダアイヨン,250
2516,エストラスト,410
2517,アールシーコア,650
2518,サニーサイドアップ,730
2519,東部ネットワーク,340
2520,ソフトクリエイトホールディングス,810
2521,東海汽船,590
2522,フルスピード,610
2523,ブロードメディア,440
2524,アーバネットコーポレーション,790
2525,ジャパンマテリアル,640
2526,日水製薬,370
2527,日本エム・ディ・エム,850
2528,第一カッター興業,720
2529,中国工業,720
2530,神戸発動機,720
2531,セキ,260
2532,トップリート投資法人　投資証券,1240
2533,ウチダエスコ,310
2534,田谷,1
2535,スペースシャワーネットワーク,920
2536,沖電線,370
2537,南総通運,360
2538,高田機工,610
2539,アルデプロ,580
2540,アピックヤマダ,640
2541,ジャパンベストレスキューシステム,990
2542,日本フエルト,560
2543,京福電気鉄道,780
2544,愛光電気,580
2545,日本賃貸住宅投資法人　投資証券,1560
2546,鈴与シンワート,170
2547,ヒガシマル,400
2548,精工技研,640
2549,日本システム技術,930
2550,こころネット,590
2551,レイ,200
2552,アイティフォー,1
2553,理研グリーン,670
2554,レッグス,390
2555,タカチホ,230
2556,両毛システムズ,730
2557,クレオ,500
2558,ソトー,60
2559,ＯＡＴアグリオ,250
2560,丸尾カルシウム,740
2561,元旦ビューティ工業,530
2562,日本タングステン,820
2563,トーイン,1
2564,ラピーヌ,500
2565,新川,260
2566,ＭＣＵＢＳ　ＭｉｄＣｉｔｙ投資法人　投資,640
2567,ひらまつ,320
2568,ミューチュアル,290
2569,パスポート,590
2570,クイック,590
2571,双信電機,430
2572,ササクラ,650
2573,秀英予備校,340
2574,イーエムシステムズ,320
2575,文溪堂,300
2576,アズマハウス,170
2577,昭和鉄工,620
2578,日本ロジスティクスファンド投資法人　投資,1400
2579,アスラポート・ダイニング,690
2580,ジオマテック,640
2581,イハラサイエンス,350
2582,アトミクス,320
2583,桂川電機,690
2584,ナカボーテック,610
2585,アクセル,560
2586,竹本容器,620
2587,北川工業,690
2588,構造計画研究所,840
2589,エヌジェーケー,310
2590,ロングライフホールディング,830
2591,ＣＤＧ,1
2592,サン・ライフ,260
2593,ダイケン,250
2594,ハビックス,640
2595,ビオフェルミン製薬,670
2596,京進,410
2597,高見沢サイバネティックス,910
2598,リーバイ・ストラウス　ジャパン,780
2599,サイネックス,650
2600,シダー,110
2601,昭和ホールディングス,450
2602,シーエスロジネット,400
2603,エー・ディー・ワークス,490
2604,ファーストブラザーズ,500
2605,ヤマシンフィルタ,320
2606,トレジャー・ファクトリー,700
2607,アメイズ,110
2608,エージーピー,370
2609,阪神内燃機工業,880
2610,わかもと製薬,650
2611,プロパスト,590
2612,ボルテージ,300
2613,くろがね工作所,760
2614,さくらインターネット,650
2615,イクヨ,200
2616,石井食品,440
2617,京都ホテル,530
2618,ソルクシーズ,670
2619,ＧＭＯクラウド,550
2620,サンセイランディック,760
2621,サンコー,260
2622,グリーンクロス,640
2623,成学社,370
2624,セレスポ,620
2625,東和フードサービス,280
2626,日本鋳造,640
2627,アゼアス,140
2628,タカトリ,530
2629,日本コンセプト,710
2630,ニッキ,530
2631,トランザクション,670
2632,テクノスマート,350
2633,マルシェ,320
2634,グローバルダイニング,820
2635,ユニカフェ,200
2636,日東化工,590
2637,コンセック,620
2638,ハイマックス,650
2639,櫻護謨,670
2640,セキド,310
2641,イワブチ,50
2642,インプレスホールディングス,840
2643,カナレ電気,610
2644,プレミア投資法人　投資証券,1150
2645,ダイジェット工業,410
2646,オーナミ,60
2647,サクセスホールディングス,870
2648,赤阪鐵工所,740
2649,パラカ,500
2650,ウォーターダイレクト,640
2651,三光産業,490
2652,ホクシン,290
2653,重松製作所,670
2654,天龍製鋸,700
2655,放電精密加工研究所,1030
2656,システムリサーチ,470
2657,有機合成薬品工業,900
2658,高砂鐵工,700
2659,トレックス・セミコンダクター,880
2660,ニッチツ,90
2661,杉村倉庫,730
2662,クリエートメディック,700
2663,美濃窯業,170
2664,パウダーテック,580
2665,コムチュア,260
2666,富山銀行,310
2667,鉄人化計画,760
2668,アルメタックス,650
2669,白青舎,380
2670,ウエスコホールディングス,750
2671,ケル,500
2672,ジーンズメイト,160
2673,森下仁丹,490
2674,三信建設工業,970
2675,島根銀行,400
2676,東京會舘,620
2677,ヤマダコーポレーション,730
2678,阪急リート投資法人　投資証券,1300
2679,アイスタイル,290
2680,ＺＯＡ,1
2681,ゼットン,80
2682,星医療酸器,440
2683,一六堂,550
2684,太洋基礎工業,730
2685,エイアンドティー,50
2686,カネヨウ,200
2687,森ヒルズリート投資法人　投資証券,1380
2688,日本高純度化学,860
2689,ピエトロ,500
2690,平安レイサービス,400
2691,ティア,1
2692,テクノメディカ,640
2693,マナック,590
2694,オーエス,60
2695,旭情報サービス,370
2696,産業ファンド投資法人　投資証券,1130
2697,タカセ,260
2698,まんだらけ,610
2699,三ッ星,210
2700,スリープログループ,790
2701,ミライアル,590
2702,トスネット,150
2703,フジコー,250
2704,旭松食品,530
2705,エヌ・ピー・シー,380
2706,フジコピアン,550
2707,学究社,640
2708,青山財産ネットワークス,490
2709,アトムリビンテック,670
2710,ジェイエイシーリクルートメント,850
2711,サムシングホールディングス,740
2712,セーラー広告,710
2713,ウライ,200
2714,攝津製油,240
2715,東栄リーファーライン,790
2716,新日本建物,300
2717,小田原エンジニアリング,770
2718,オービス,110
2719,ダイトーケミックス,730
2720,ハブ,50
2721,翻訳センター,320
2722,リヒトラブ,580
2723,サダマツ,230
2724,サンウッド,190
2725,日本ギア工業,750
2726,東京楽天地,590
2727,石井鐵工所,740
2728,ショクブン,310
2729,鶴弥,260
2730,ワイヤレスゲート,310
2731,ステップ,590
2732,メック,590
2733,オーケー食品工業,820
2734,京極運輸商事,810
2735,アドソル日進,460
2736,セコニックホールディングス,810
2737,ナンシン,150
2738,丸千代山岡家,680
2739,ヨシックス,650
2740,平山,260
2741,大幸薬品,580
2742,大宝運輸,550
2743,アバント,50
2744,オートウェーブ,110
2745,ウェルネット,230
2746,浅香工業,670
2747,日本ＢＳ放送,650
2748,サイバーリンクス,670
2749,光製作所,740
2750,パシフィックシステム,830
2751,ペッパーフードサービス,900
2752,ニッカトー,530
2753,ＩＧポート,200
2754,日建工学,640
2755,ＹＫＴ,1
2756,フレンドリー,580
2757,スターティア,90
2758,兼松エンジニアリング,870
2759,平賀,250
2760,ハウスコム,320
2761,東洋電機,280
2762,ケミプロ化成,650
2763,スーパーツール,740
2764,岡山製紙,380
2765,タツモ,150
2766,グローバル・ワン不動産投資法人　投資証券,1480
2767,ベリテ,250
2768,福井コンピュータホールディングス,810
2769,石川製作所,860
2770,ギャバン,100
2771,増田製粉所,290
2772,ホリイフードサービス,480
2773,ファステップス,680
2774,バッファロー,280
2775,日本コンベヤ,670
2776,デジタル・インフォメーション・テクノロジ,1040
2777,山田コンサルティンググループ,950
2778,ムラキ,560
2779,平和不動産リート投資法人　投資証券,1380
2780,日本パワーファスニング,820
2781,フィスコ,260
2782,パピレス,590
2783,鉱研工業,700
2784,日本出版貿易,760
2785,ユナイテッド,130
2786,中央ビルト工業,690
2787,ベクトル,550
2788,エヌエフ回路設計ブロック,880
2789,シーマ,120
2790,ＮＫＫスイッチズ,170
2791,ネクシィーズ,310
2792,特殊電極,700
2793,サイバーコム,370
2794,明豊ファシリティワークス,740
2795,イサム塗料,320
2796,ネポン,230
2797,アサカ理研,590
2798,ジャパンシステム,430
2799,クロスキャット,620
2800,ピー・シー・エー,440
2801,日本坩堝,680
2802,シグマクシス,550
2803,クロス・マーケティンググループ,900
2804,ＡＮＡＰ,60
2805,東京機械製作所,890
2806,協立エアテック,650
2807,メディアドゥ,190
2808,シード平和,140
2809,シリコンスタジオ,670
2810,ヤガミ,110
2811,シンクレイヤ,560
2812,ＪＥＳＣＯホールディングス,360
2813,大研医器,340
2814,セフテック,590
2815,ＣＤＳ,1
2816,サイボー,110
2817,ランシステム,380
2818,カルラ,530
2819,カネミツ,320
2820,ぱど,250
2821,ＪＥＵＧＩＡ,1
2822,日本精密,740
2823,カネソウ,260
2824,タナベ経営,280
2825,ＩＭＶ,1
2826,高橋カーテンウォール工業,880
2827,朝日ネット,90
2828,菊水電子工業,810
2829,昭和真空,410
2830,東京自働機械製作所,1020
2831,ダイサン,110
2832,オプトエレクトロニクス,710
2833,共和工業所,760
2834,鈴茂器工,810
2835,ジェイエスエス,230
2836,川崎地質,740
2837,東京コスモス電機,880
2838,ミサワ,120
2839,旭化学工業,780
2840,ありがとうサービス,420
2841,ケアサービス,370
2842,モリテックス,650
2843,データリンクス,610
2844,医学生物学研究所,990
2845,カッシーナ・イクスシー,890
2846,ザッパラス,640
2847,昭和化学工業,840
2848,日創プロニティ,620
2849,ハマイ,60
2850,山王,90
2851,ＡＣＣＥＳＳ,120
2852,グリーンランドリゾート,860
2853,ＣＥホールディングス,360
2854,アゴーラ・ホスピタリティー・グループ,990
2855,リベレステ,640
2856,興研,530
2857,互応化学工業,830
2858,名機製作所,800
2859,高木証券,640
2860,コーアツ工業,700
2861,エラン,200
2862,アドバンスクリエイト,660
2863,明星電気,420
2864,岡野バルブ製造,740
2865,日本テレホン,620
2866,日進工具,400
2867,クエスト,260
2868,日本色材工業研究所,1140
2869,きちり,500
2870,サイオステクノロジー,670
2871,ＳＤエンターテイメント,180
2872,森尾電機,610
2873,アマガサ,170
2874,東葛ホールディングス,910
2875,ドリコム,610
2876,新内外綿,290
2877,蔵王産業,190
2878,ビューティガレージ,410
2879,積水ハウス・ＳＩ　レジデンシャル投資法人,1310
2880,ネットイヤーグループ,640
2881,コスモ・バイオ,370
2882,銀座ルノアール,690
2883,タクミナ,260
2884,マルタイ,260
2885,玉井商船,180
2886,ＧＭＯペイメントゲートウェイ,400
2887,エキサイト,260
2888,ＳＥホールディングス・アンド・インキュベ,970
2889,京都機械工具,700
2890,フライングガーデン,440
2891,タツミ,150
2892,オンリー,200
2893,ユニリタ,200
2894,サンユー建設,440
2895,チャーム・ケア・コーポレーション,860
2896,理経,500
2897,東亜バルブエンジニアリング,880
2898,ファーストエスコ,350
2899,暁飯島工業,840
2900,アイル,200
2901,エッチ・ケー・エス,350
2902,光ビジネスフォーム,720
2903,ハチバン,80
2904,日本エアーテック,620
2905,きょくとう,530
2906,ＡＭＢＩＴＩＯＮ,60
2907,シーシーエス,300
2908,メディアフラッグ,440
2909,日本アジア投資,700
2910,エスケイジャパン,610
2911,ソーバル,310
2912,堀田丸正,380
2913,ＰＣＩホールディングス,360
2914,サンワカンパニー,650
2915,ミクロン精密,770
2916,ニットー,30
2917,新東,260
2918,シーズメン,170
2919,ハウスフリーダム,370
2920,倉元製作所,800
2921,ティーライフ,200
2922,インテア・ホールディングス,420
2923,石井表記,320
2924,フジックス,640
2925,川口化学工業,860
2926,不二ラテックス,640
2927,クックパッド,750
2928,駐車場綜合研究所,1080
2929,アルテ　サロン　ホールディングス,900
2930,アールテック・ウエノ,530
2931,シグマ光機,730
2932,スパークス・グループ,790
2933,大運,50
2934,日住サービス,220
2935,日本社宅サービス,790
2936,一休,530
2937,ビューティ花壇,300
2938,エスプール,560
2939,サンケイ化学,670
2940,川上塗料,620
2941,ユーラシア旅行社,740
2942,システムズ・デザイン,360
2943,Ａｉｍｉｎｇ,140
2944,永大化工,560
2945,ロジコム,610
2946,インフォメーションクリエーティブ,790
2947,やまねメディカル,670
2948,ｅｎｉｓｈ,60
2949,アルファ,200
2950,ダントーホールディングス,560
2951,スマートバリュー,430
2952,日本パレットプール,710
2953,中広,530
2954,日本デコラックス,760
2955,ヤマシナ,120
2956,スガイ化学工業,890
2957,ネクスグループ,610
2958,ヨシタケ,260
2959,コーセーアールイー,740
2960,エヌアイシ・オートテック,620
2961,アバールデータ,360
2962,ベリサーブ,390
2963,イントランス,320
2964,ニッパンレンタル,650
2965,メンバーズ,160
2966,オールアバウト,250
2967,東京日産コンピュータシステム,1040
2968,ＵＢＩＣ,1
2969,博展,290
2970,ＦＰＧ,1
2971,ブロッコリー,610
2972,チタン工業,280
2973,キャリアデザインセンター,720
2974,あかつきフィナンシャルグループ,790
2975,コタ,200
2976,城南進学研究社,1020
2977,セーラー万年筆,530
2978,グリムス,370
2979,インテリジェント　ウェイブ,450
2980,クリエアナブキ,580
2981,テクニカル電子,670
2982,シーティーエス,180
2983,日本抵抗器製作所,830
2984,ニレコ,500
2985,ＪＢイレブン,250
2986,岡本硝子,670
2987,ソースネクスト,410
2988,マルマン,350
2989,和弘食品,730
2990,朝日ラバー,310
2991,キャリアバンク,580
2992,福山コンサルタント,740
2993,東京ボード工業,830
2994,東京貴宝,770
2995,福島印刷,440
2996,植松商会,410
2997,中京医薬品,620
2998,ウェッジホールディングス,490
2999,幼児活動研究会,870
3000,イデアインターナショナル,430
3001,サイボウズ,160
3002,アドテック　プラズマ　テクノロジー,920
3003,太陽工機,560
3004,大東紡織,390
3005,綜合臨床ホールディングス,1040
3006,東天紅,260
3007,タカキタ,590
3008,富士変速機,640
3009,三機サービス,460
3010,日本スキー場開発,760
3011,ナガオカ,250
3012,菊池製作所,800
3013,日本製罐,350
3014,東京衡機,650
3015,日本プロセス,710
3016,かんなん丸,650
3017,ＫｅｅＰｅｒ技研,610
3018,昭和システムエンジニアリング,690
3019,日本和装ホールディングス,840
3020,Ｅストアー,60
3021,山大,110
3022,協立情報通信,940
3023,和井田製作所,460
3024,佐藤食品工業,820
3025,協和コンサルタンツ,740
3026,アールビバン,330
3027,郷鉄工所,680
3028,進学会,640
3029,Ｈａｍｅｅ,90
3030,デイトナ,50
3031,松尾電機,370
3032,フジタコーポレーション,670
3033,買取王国,560
3034,トーセ,60
3035,ロブテックス,640
3036,スノーピーク,620
3037,浜井産業,170
3038,ＯＳＧコーポレーション,620
3039,三東工業社,430
3040,秩父鉄道,280
3041,コモ,260
3042,カイノス,260
3043,大谷工業,310
3044,価値開発,650
3045,プラップジャパン,670
3046,アール・エス・シー,440
3047,ゼネラルパッカー,610
3048,中央製作所,440
3049,メディアグローバルリンクス,830
3050,太平製作所,470
3051,ネオス,60
3052,マネーパートナーズグループ,900
3053,アビスト,110
3054,マネースクウェアＨＤ,320
3055,サムコ,320
3056,ＪＭＡＣＳ,1
3057,リード,250
3058,モバイルクリエイト,670
3059,不二精機,310
3060,ＲＶＨ,1
3061,オーネックス,590
3062,サンセイ,120
3063,オプテックス・エフエー,620
3064,テクノクオーツ,650
3065,明豊エンタープライズ,700
3066,日本アイ・エス・ケイ,710
3067,研創,260
3068,ホーブ,50
3069,プレシジョン・システム・サイエンス,1120
3070,日本通信,740
3071,オリジナル設計,670
3072,イーブックイニシアティブジャパン,860
3073,アマテイ,60
3074,中村超硬,620
3075,関門海,380
3076,日本エンタープライズ,700
3077,ＴＯＮＥ,1
3078,エイケン工業,610
3079,多摩川ホールディングス,500
3080,ジャニス工業,390
3081,ホウライ,200
3082,大村紙業,400
3083,助川電気工業,830
3084,海帆,60
3085,インフォマート,60
3086,アスカネット,290
3087,ランドビジネス,440
3088,ソフトブレーン,310
3089,丸八倉庫,650
3090,相模ゴム工業,620
3091,宮入バルブ製作所,930
3092,ホテル、ニューグランド,660
3093,東洋刃物,90
3094,ウィル,200
3095,栄電子,370
3096,篠崎屋,310
3097,リニカル,530
3098,日本プリメックス,770
3099,Ｊストリーム,320
3100,アルバイトタイムス,430
3101,東洋ドライルーブ,660
3102,秋川牧園,730
3103,ローヤル電機,580
3104,銀座山形屋,300
3105,プラッツ,590
3106,ミヤコ,260
3107,名古屋木材,360
3108,岡藤ホールディングス,710
3109,リバーエレテック,610
3110,豊商事,310
3111,ビーイング,100
3112,第一化成,370
3113,エフアンドエム,140
3114,ヒップ,530
3115,オーベクス,310
3116,タケダ機械,610
3117,ブイキューブ,360
3118,櫻島埠頭,670
3119,日本サード・パーティ,760
3120,キムラタン,560
3121,理研コランダム,730
3122,ＭＩＥコーポレーション,620
3123,大和重工,340
3124,キクカワエンタープライズ,610
3125,ＲＳ　Ｔｅｃｈｎｏｌｏｇｉｅｓ,170
3126,東武住販,130
3127,システム情報,290
3128,ＧＭＯペパボ,580
3129,原弘産,710
3130,歌舞伎座,630
3131,エスエルディー,340
3132,ダブル・スコープ,660
3133,オリコン,500
3134,ユニバーサルソリューションシステムズ,1170
3135,アジュバンコスメジャパン,890
3136,パシフィックネット,650
3137,アイビー化粧品,340
3138,インヴィンシブル投資法人　投資証券,1460
3139,ＳＴＵＤＩＯＵＳ,120
3140,加地テック,610
3141,ニッコウトラベル,610
3142,イーサポートリンク,620
3143,ビジネス・ワンホールディングス,640
3144,エヌ・ティ・ティ・データ・イントラマート,790
3145,ＫＧ情報,80
3146,ジェネレーションパス,700
3147,サイタホールディングス,420
3148,アストマックス,740
3149,リアルコム,590
3150,アミタホールディングス,420
3151,日本製麻,150
3152,ガイアックス,640
3153,ジョルダン,300
3154,シンプロメンテ,680
3155,ＵＬＳグループ,550
3156,ニックス,590
3157,アルトナー,200
3158,北川精機,670
3159,リブセンス,370
3160,ゴルフ・ドゥ,300
3161,エコノス,260
3162,ユークス,260
3163,創健社,440
3164,神田通信機,760
3165,ダイヤ通商,200
3166,白鳩,290
3167,モーニングスター,260
3168,明治機械,670
3169,山加電業,390
3170,エムジーホーム,260
3171,スターツ出版,740
3172,アイロムグループ,640
3173,メタップス,650
3174,麻生フオームクリート,680
3175,トリケミカル研究所,770
3176,セック,590
3177,テクノスジャパン,640
3178,セブンシーズホールディングス,730
3179,ナビタス,110
3180,イー・ギャランティ,250
3181,共同ピーアール,640
3182,宇野澤組鐵工所,770
3183,土木管理総合試験所,970
3184,バナーズ,100
3185,Ｃ＆Ｇシステムズ,230
3186,太洋工業,340
3187,ベルグアース,360
3188,タイセイ,90
3189,テセック,590
3190,グラファイトデザイン,380
3191,学情,300
3192,ＡＫＩＢＡホールディングス,420
3193,小野産業,140
3194,ユニバーサル園芸社,450
3195,アクモス,320
3196,シンポ,260
3197,インターアクション,320
3198,マーケットエンタープライズ,730
3199,Ｍｉｐｏｘ,200
3200,テックファームホールディングス,810
3201,リミックスポイント,650
3202,フィンテック　グローバル,660
3203,ソフィアホールディングス,450
3204,卑弥呼,260
3205,ＴＲＵＣＫ−ＯＮＥ,1
3206,クリップコーポレーション,740
3207,ヒューマンウェブ,110
3208,中日本鋳工,590
3209,夢テクノロジー,610
3210,アートスパークホールディングス,870
3211,モブキャスト,370
3212,ツヴァイ,110
3213,国際チャート,590
3214,東邦金属,610
3215,ビジネス・ブレークスルー,920
3216,不二電機工業,710
3217,光陽社,590
3218,アールエイジ,250
3219,ＫＹＣＯＭホールディングス,360
3220,エムアップ,590
3221,ザインエレクトロニクス,730
3222,ビーロット,280
3223,鴨川グランドホテル,770
3224,アイフィスジャパン,310
3225,イード,50
3226,環境管理センター,770
3227,新報国製鉄,740
3228,ＴＢグループ,550
3229,レカム,560
3230,日本一ソフトウェア,620
3231,そーせいグループ,700
3232,夢の街創造委員会,550
3233,ストライダーズ,360
3234,小田原機器,610
3235,アルメディオ,310
3236,レントラックス,620
3237,日本フォームサービス,850
3238,イマジニア,110
3239,テクノアルファ,500
3240,昴,310
3241,センチュリー２１・ジャパン,670
3242,桜井製作所,860
3243,アイレックス,590
3244,ソフトマックス,710
3245,東京一番フーズ,330
3246,ピープル,530
3247,プロシップ,650
3248,アスコット,290
3249,トライアイズ,280
3250,インヴァスト証券,460
3251,プラコー,500
3252,クボテック,640
3253,地域新聞社,520
3254,オリエンタルチエン工業,700
3255,シベール,310
3256,セイヒョー,60
3257,ニチリョク,500
3258,デジタルアーツ,390
3259,アクセルマーク,680
3260,テイン,1
3261,ジェイテック,580
3262,アクリーティブ,550
3263,東福製粉,320
3264,フルッタフルッタ,770
3265,倉庫精練,620
3266,イーター電機工業,720
3267,ＯＤＫソリューションズ,370
3268,ＩＢＪ,1
3269,タウンニュース社,150
3270,アクアライン,530
3271,カワセコンピュータサプライ,680
3272,光ハイツ・ヴェラス,730
3273,マサル,320
3274,ＳＨＩＦＴ,1
3275,きんえい,200
3276,ファンドクリエーショングループ,810
3277,山田債権回収管理総合事務所,1310
3278,日本研紙,680
3279,アサヒ衛陶,60
3280,石井工作研究所,890
3281,サハダイヤモンド,250
3282,サンバイオ,110
3283,ユビテック,580
3284,フリークアウト,500
3285,ウィルソン・ラーニング　ワールドワイド,1070
3286,アイ・アールジャパンホールディングス,920
3287,中日本興業,670
3288,フォトクリエイト,560
3289,Ｇｕｎｏｓｙ,60
3290,アイティメディア,170
3291,エックスネット,650
3292,ｓａｎｔｅｃ,60
3293,小林洋行,730
3294,インターワークス,320
3295,中央経済社,400
3296,じげん,100
3297,システムインテグレータ,520
3298,ｅＢＡＳＥ,1
3299,日本ラッド,720
3300,ベステラ,310
3301,エプコ,500
3302,ユーグレナ,250
3303,スターツプロシード投資法人　投資証券,1500
3304,ＧＭＯ　ＴＥＣＨ,1
3305,システムソフト,270
3306,Ｎ・フィールド,250
3307,ピクセラ,560
3308,ＮＦＫホールディングス,360
3309,イナリサーチ,260
3310,イトクロ,500
3311,アズジェント,100
3312,シンワアートオークション,500
3313,フィックスターズ,640
3314,ティムコ,260
3315,アンドール,250
3316,テクノ・セブン,340
3317,誠建設工業,880
3318,エスティック,590
3319,カヤック,560
3320,ワットマン,90
3321,２１ＬＡＤＹ,1
3322,ネクストジェン,340
3323,ネットワークバリューコンポネンツ,910
3324,雑貨屋ブルドッグ,840
3325,アークコア,560
3326,ファインデックス,640
3327,ヤマザキ,310
3328,アイサンテクノロジー,640
3329,プラネット,530
3330,アクトコール,530
3331,アルチザネットワークス,640
3332,テリロジー,580
3333,光彩工芸,730
3334,駅探,200
3335,ネクストウェア,260
3336,リアルワールド,640
3337,オルトプラス,590
3338,アジア開発キャピタル,700
3339,不二硝子,360
3340,精養軒,260
3341,オウケイウェイヴ,340
3342,マツモト,210
3343,アドバンテッジリスクマネジメント,1140
3344,ブレインパッド,680
3345,ラ・アトレ,530
3346,日本ＰＣサービス,730
3347,夢展望,110
3348,リーダー電子,450
3349,ジャパン・ホテル・リート投資法人　投資証,1440
3350,マーチャント・バンカーズ,480
3351,ファンデリー,250
3352,アジアゲートホールディングス,580
3353,アルファポリス,590
3354,大盛工業,670
3355,省電舎,230
3356,リスクモンスター,710
3357,アーバンライフ,250
3358,ＦＵＪＩＫＯＨ,1
3359,ＭＩＣＳ化学,580
3360,総医研ホールディングス,780
3361,地盤ネットホールディングス,580
3362,日本ファルコム,620
3363,伊豆シャボテンリゾート,470
3364,応用技術,190
3365,デジタルアドベンチャー,430
3366,ルーデン・ホールディングス,950
3367,ペプチドリーム,640
3368,イー・ガーディアン,160
3369,インタートレード,340
3370,イトーヨーギョー,200
3371,アルファクス・フード・システム,940
3372,メディア工房,390
3373,システム　ディ,230
3374,キタック,560
3375,セレス,320
3376,フュートレック,530
3377,妙徳,260
3378,アテクト,230
3379,ＧＭＯリサーチ,260
3380,トレイダーズホールディングス,880
3381,ディア・ライフ,250
3382,エニグモ,110
3383,ポバール興業,630
3384,ミナトホールディングス,450
3385,パルステック工業,700
3386,宮越ホールディングス,590
3387,フュージョンパートナー,400
3388,ＧＬＰ投資法人　投資証券,790
3389,大和コンピューター,680
3390,グランディーズ,350
3391,日本エマージェンシーアシスタンス,1180
3392,ギガプライズ,680
3393,ニューテック,530
3394,アプリックスＩＰホールディングス,810
3395,ファーマフーズ,230
3396,アライドアーキテクツ,700
3397,ＡＳＩＡＮ　ＳＴＡＲ,180
3398,カワサキ,590
3399,オプティム,260
3400,インサイト,90
3401,マルマエ,350
3402,エムティジェネックス,700
3403,モジュレ,310
3404,レアジョブ,300
3405,スパンクリートコーポレーション,890
3406,日本エス・エイチ・エル,740
3407,バルクホールディングス,770
3408,ラクーン,500
3409,データ・アプリケーション,670
3410,イグニス,110
3411,トレンダーズ,300
3412,ディー・エル・イー,370
3413,バリューＨＲ,250
3414,ＩＴｂｏｏｋ,280
3415,エンバイオ・ホールディングス,470
3416,トランスジェニック,670
3417,シンバイオ製薬,400
3418,メディカル・データ・ビジョン,880
3419,富士山マガジンサービス,590
3420,北の達人コーポレーション,940
3421,夢みつけ隊,410
3422,エーワン精密,180
3423,大崎エンジニアリング,780
3424,ワイエスフード,110
3425,日本動物高度医療センター,1040
3426,トミタ電機,340
3427,テラ,200
3428,エイティング,50
3429,いい生活,380
3430,ジャストプランニング,750
3431,エムビーエス,200
3432,メディネット,140
3433,ソケッツ,350
3434,情報企画,640
3435,レッド・プラネット・ジャパン,890
3436,アドバンスト・メディア,330
3437,ピーエイ,200
3438,エスポア,260
3439,ウィズ,50
3440,アイ・ピー・エス,320
3441,エム・エイチ・グループ,700
3442,ブランジスタ,360
3443,データホライゾン,300
3444,エクストリーム,620
3445,Ｍ＆Ａキャピタルパートナーズ,670
3446,ケイブ,250
3447,ケアネット,230
3448,ソノコム,320
3449,武蔵野興業,460
3450,テラスカイ,560
3451,アウンコンサルティング,730
3452,インスペック,590
3453,五洋インテックス,730
3454,フライトホールディングス,690
3455,細谷火工,290
3456,モバイルファクトリー,640
3457,横田製作所,710
3458,オウチーノ,1
3459,いちごオフィスリート投資法人　投資証券,1290
3460,ジーダット,130
3461,アクロディア,580
3462,コネクトホールディングス,720
3463,アドベンチャー,100
3464,みんなのウェディング,280
3465,エリアクエスト,590
3466,アトラ,200
3467,コラボス,610
3468,イメージ　ワン,110
3469,サイバーステップ,700
3470,インフォテリア,200
3471,アーキテクツ・スタジオ・ジャパン,930
3472,小島鉄工所,760
3473,ジェイホールディングス,410
3474,ビリングシステム,480
3475,ホロン,200
3476,ヒーハイスト精工,380
3477,モルフォ,260
3478,エンカレッジ・テクノロジ,830
3479,ロックオン,530
3480,ジャパン・ティッシュ・エンジニアリング,1040
3481,ＳＯＬ　Ｈｏｌｄｉｎｇｓ,160
3482,ビーマップ,640
3483,フォーシーズホールディングス,620
3484,カーディナル,550
3485,日本メディカルネットコミュニケーションズ,1110
3486,コムシード,370
3487,ＡＳＪ,1
3488,メディアシーク,370
3489,エスクロー・エージェント・ジャパン,930
3490,ウェルス・マネジメント,460
3491,リンクバル,580
3492,ＣＲＩ・ミドルウェア,310
3493,アエリア,230
3494,エス・サイエンス,240
3495,ＵＭＮファーマ,60
3496,システム・ロケーション,800
3497,メディアファイブ,160
3498,ピクスタ,560
3499,テスク,260
3500,ぷらっとホーム,590
3501,図研エルミック,670
3502,マークラインズ,610
3503,ジャパンインベストメントアドバイザー,810
3504,アイフリークモバイル,670
3505,エイジア,50
3506,ホットリンク,530
3507,オークファン,200
3508,ショーケース・ティービー,550
3509,ｓＭｅｄｉｏ,110
3510,システム・テクノロジー・アイ,850
3511,サイジニア,110
3512,メドピア,310
3513,デザインワン・ジャパン,470
3514,ＡＬＢＥＲＴ,1
3515,ファーストロジック,640
3516,アンジェス　ＭＧ,110
3517,ＪＡＬＣＯホールディングス,360
3518,ユビキタス,310
3519,ＦＦＲＩ,60
3520,コモンウェルス・エンターテインメント,920
3521,アビックス,640
3522,イメージ情報開発,570
3523,フューチャーベンチャーキャピタル,850
3524,ＭＲＴ,1
3525,クレアホールディングス,690
3526,エコナックホールディングス,750
3527,アイビーシー,170
3528,エコミック,620
3529,オンコセラピー・サイエンス,740
3530,エムケイシステム,470
3531,アイリッジ,330
3532,ランド,250
3533,免疫生物研究所,940
3534,セキュアヴェイル,610
3535,弁護士ドットコム,500
3536,ヒューマン・メタボローム・テクノロジーズ,1130
3537,フォーバル・リアルストレート,850
3538,ガーラ,250
3539,ジェクシード,360
3540,ナノキャリア,530
3541,比較．ｃｏｍ,590
3542,クラスターテクノロジー,790
3543,ＣＹＢＥＲＤＹＮＥ,120
3544,パス,260
3545,ディー・ディー・エス,370
3546,カルナバイオサイエンス,730
3547,テクノマセマティカル,800
3548,クリムゾン,610
3549,ドーン,50
3550,リプロセル,620
3551,日本テクノ・ラボ,640
3552,石垣食品,790
3553,Ｔ＆Ｃホールディングス,360
3554,ジグソー,160
3555,フォーサイド,110
3556,御園座,170
3557,リボミック,640
3558,ｆｏｎｆｕｎ,120
3559,ジーエヌアイグループ,660
3560,パルマ,560
3561,ツノダ,110
3562,ディジタルメディアプロフェッショナル,1010
3563,北日本紡績,700
3564,ＲＩＳＥ,1
3565,ソフトフロント,380
3566,花月園観光,760
3567,燦キャピタルマネージメント,850
3568,データセクション,370
3569,ＤＮＡチップ研究所,650
3570,メディビックグループ,740
3571,ジェイ・エスコムホールディングス,860
3572,ジーンテクノサイエンス,460
3573,ウインテスト,90
3574,ヘリオス,260
3575,カイオム・バイオサイエンス,520
3576,ジオネクスト,310
3577,ＭＡＧねっとホールディングス,420
3578,エル・シー・エーホールディングス,1020
3579,デジタルデザイン,460
3580,ラクオリア創薬,770
3581,アジェット,80
3582,スリー・ディー・マトリックス,970
3583,セルシード,370
3584,デ・ウエスタン・セラピテクス研究所,1060
3585,キャンバス,310
3586,オンコリスバイオファーマ,700
3587,メドレックス,700
3588,エスケーホーム,380
3589,北弘電社,640
3590,川崎設備工業,870
3591,日糧製パン,590
3592,ベクター,250
3593,Ｏａｋ　キャピタル,530
3594,マクニカ・富士エレホールディングス,860
3595,ユナイテッド・スーパーマーケット・ホール,1080
3596,大和ハウスリート投資法人　投資証券,1390
3597,ケネディクス・レジデンシャル投資法人　投,1360
3598,アクティビア・プロパティーズ投資法人　投,1040
3599,コンフォリア・レジデンシャル投資法人　投,1220
3600,日本プロロジスリート投資法人　投資証券,1560
3601,星野リゾート・リート投資法人　投資証券,1590
3602,ＳＩＡ不動産投資法人　投資証券,990
3603,イオンリート投資法人　投資証券,1210
3604,ヒューリックリート投資法人　投資証券,1360
3605,日本リート投資法人　投資証券,1270
3606,インベスコ・オフィス・ジェイリート投資法,1020
3607,日本ヘルスケア投資法人　投資証券,1360
3608,積水ハウス・リート投資法人　投資証券,1450
3609,大木ヘルスケアホールディングス,920
3610,トーセイ・リート投資法人　投資証券,1330
3611,ケネディクス商業リート投資法人　投資証券,1670
3612,ヘルスケア＆メディカル投資法人　投資証券,1440
3613,サムティ・レジデンシャル投資法人　投資証,1550
3614,ジャパン・シニアリビング投資法人　投資証,1510
3615,野村不動産マスターファンド投資法人　投資,1250
3616,クラウドワークス,670
3617,パイプドＨＤ,580
3618,メディシノバ・インク,450
3619,コスモエネルギーホールディングス,1040
3620,ライフネット生命保険,740
3621,全国保証,670
3622,今村証券,680
3623,九州フィナンシャルグループ,880
3624,ワークマン,260
3625,日本創発グループ,760
3626,中部水産,170
3627,日本銀行,670
3628,中部証券金融,790
3629,ポケットカード,610
3630,福岡中央銀行,700
3631,豊和銀行,630
3632,光世証券,620
3633,水戸証券,320
3634,松井証券,380
3635,丸八証券,680
3636,カブドットコム証券,810
3637,フジトミ,110
3638,第一商品,200
3639,アサックス,650
3640,ＧＦＡ,1
3641,ＵＣＳ,1
3642,Ｃ＆Ｆロジホールディングス,740
